#
# There is insufficient memory for the Java Runtime Environment to continue.
# Native memory allocation (malloc) failed to allocate 1457136 bytes. Error detail: Chunk::new
# Possible reasons:
#   The system is out of physical RAM or swap space
#   This process is running with CompressedOops enabled, and the Java Heap may be blocking the growth of the native heap
# Possible solutions:
#   Reduce memory load on the system
#   Increase physical memory or swap space
#   Check if swap backing store is full
#   Decrease Java heap size (-Xmx/-Xms)
#   Decrease number of Java threads
#   Decrease Java thread stack sizes (-Xss)
#   Set larger code cache with -XX:ReservedCodeCacheSize=
#   JVM is running with Unscaled Compressed Oops mode in which the Java heap is
#     placed in the first 4GB address space. The Java Heap base address is the
#     maximum limit for the native heap growth. Please use -XX:HeapBaseMinAddress
#     to set the Java Heap base and to place the Java Heap above 4GB virtual address.
# This output file may be truncated or incomplete.
#
#  Out of Memory Error (arena.cpp:168), pid=23532, tid=35204
#
# JRE version: OpenJDK Runtime Environment Temurin-21.0.12.1+1 (21.0.12.1+1) (build 21.0.12.1+1-LTS)
# Java VM: OpenJDK 64-Bit Server VM Temurin-21.0.12.1+1 (21.0.12.1+1-LTS, mixed mode, sharing, tiered, compressed oops, compressed class ptrs, parallel gc, windows-amd64)
# No core dump will be written. Minidumps are not enabled by default on client versions of Windows
#

---------------  S U M M A R Y ------------

Command Line: --add-modules=ALL-SYSTEM --add-opens=java.base/java.util=ALL-UNNAMED --add-opens=java.base/java.lang=ALL-UNNAMED --add-opens=java.base/sun.nio.fs=ALL-UNNAMED -Declipse.application=org.eclipse.jdt.ls.core.id1 -Dosgi.bundles.defaultStartLevel=4 -Declipse.product=org.eclipse.jdt.ls.core.product -Djava.import.generatesMetadataFilesAtProjectRoot=false -Dm2e.project.cache.size=50 -DDetectVMInstallationsJob.disabled=true -Dfile.encoding=utf8 -XX:+UseParallelGC -XX:GCTimeRatio=4 -XX:AdaptiveSizePolicyWeight=90 -Dsun.zip.disableMemoryMapping=true -Xmx2G -Xms100m -Xlog:disable -javaagent:c:\Users\HS-KOO\.vscode\extensions\redhat.java-1.56.0-win32-x64\lombok\lombok-1.18.39-4050.jar -XX:+HeapDumpOnOutOfMemoryError -XX:HeapDumpPath=c:\Users\HS-KOO\AppData\Roaming\Code\User\workspaceStorage\fb4b289124c7df1bf1642105e68f26c5\redhat.java -Daether.dependencyCollector.impl=bf c:\Users\HS-KOO\.vscode\extensions\redhat.java-1.56.0-win32-x64\server\plugins\org.eclipse.equinox.launcher_1.8.0.v20260804-1928.jar -configuration c:\Users\HS-KOO\AppData\Roaming\Code\User\globalStorage\redhat.java\1.56.0\config_win -data c:\Users\HS-KOO\AppData\Roaming\Code\User\workspaceStorage\fb4b289124c7df1bf1642105e68f26c5\redhat.java\jdt_ws --stdio

Host: 13th Gen Intel(R) Core(TM) i7-13650HX, 20 cores, 15G,  Windows 11 , 64 bit Build 26100 (10.0.26100.9168)
Time: Mon Sep  7 10:06:10 2026 elapsed time: 53.673628 seconds (0d 0h 0m 53s)

---------------  T H R E A D  ---------------

Current thread (0x000001ac5c97f750):  JavaThread "C2 CompilerThread0" daemon [_thread_in_native, id=35204, stack(0x000000228e900000,0x000000228ea00000) (1024K)]


Current CompileTask:
C2:53674 15477       4       java.lang.reflect.Field::set (43 bytes)

Stack: [0x000000228e900000,0x000000228ea00000]
Native frames: (J=compiled Java code, j=interpreted, Vv=VM code, C=native code)
V  [jvm.dll+0x6d83e9]
V  [jvm.dll+0x8b5736]
V  [jvm.dll+0x8b7cee]
V  [jvm.dll+0x8b83d3]
V  [jvm.dll+0x284596]
V  [jvm.dll+0xc685d]
V  [jvm.dll+0xc6da1]
V  [jvm.dll+0x3bf151]
V  [jvm.dll+0x38b6d2]
V  [jvm.dll+0x38ab1a]
V  [jvm.dll+0x24c700]
V  [jvm.dll+0x24bce0]
V  [jvm.dll+0x1cb4ae]
V  [jvm.dll+0x25baad]
V  [jvm.dll+0x25a03a]
V  [jvm.dll+0x3f8aae]
V  [jvm.dll+0x8600cd]
V  [jvm.dll+0x6d6c1d]
C  [ucrtbase.dll+0x2cd30]
C  [KERNEL32.DLL+0x2ccb7]
C  [ntdll.dll+0xaad6c]


---------------  P R O C E S S  ---------------

Threads class SMR info:
_java_thread_list=0x000001ac6648ddd0, length=345, elements={
0x000001ac426b8410, 0x000001ac44b6ffd0, 0x000001ac44b71bb0, 0x000001ac44b76ed0,
0x000001ac44b79a40, 0x000001ac5c976f50, 0x000001ac5c9788e0, 0x000001ac5c97f750,
0x000001ac5c986640, 0x000001ac5cb96380, 0x000001ac5cc2df20, 0x000001ac6380c180,
0x000001ac638b26f0, 0x000001ac6364fc90, 0x000001ac6384c000, 0x000001ac63d77010,
0x000001ac63bf9c10, 0x000001ac63b0d230, 0x000001ac6357e980, 0x000001ac6357f6a0,
0x000001ac6357f010, 0x000001ac635803c0, 0x000001ac635810e0, 0x000001ac6357e2f0,
0x000001ac63580a50, 0x000001ac63581770, 0x000001ac650a70c0, 0x000001ac650a9820,
0x000001ac650a8470, 0x000001ac650a7750, 0x000001ac650a8b00, 0x000001ac650a9190,
0x000001ac650a9eb0, 0x000001ac650a6a30, 0x000001ac650ad330, 0x000001ac650ad9c0,
0x000001ac650aa540, 0x000001ac650abf80, 0x000001ac650ae050, 0x000001ac650aabd0,
0x000001ac650ab8f0, 0x000001ac650ab260, 0x000001ac650ac610, 0x000001ac650acca0,
0x000001ac631a1790, 0x000001ac6319e9a0, 0x000001ac6319fd50, 0x000001ac6319e310,
0x000001ac631a0a70, 0x000001ac631a1100, 0x000001ac631a1e20, 0x000001ac631a2b40,
0x000001ac6319f6c0, 0x000001ac631a3860, 0x000001ac631a24b0, 0x000001ac631a31d0,
0x000001ac631a4580, 0x000001ac631a3ef0, 0x000001ac631a52a0, 0x000001ac631a4c10,
0x000001ac631a5930, 0x000001ac6714f460, 0x000001ac67150180, 0x000001ac6714faf0,
0x000001ac67150ea0, 0x000001ac67151530, 0x000001ac671528e0, 0x000001ac67151bc0,
0x000001ac67153c90, 0x000001ac67152f70, 0x000001ac67150810, 0x000001ac67152250,
0x000001ac67155040, 0x000001ac671556d0, 0x000001ac67155d60, 0x000001ac67154320,
0x000001ac67156a80, 0x000001ac631a03e0, 0x000001ac63703040, 0x000001ac63704a80,
0x000001ac63705110, 0x000001ac637036d0, 0x000001ac637029b0, 0x000001ac63703d60,
0x000001ac63702320, 0x000001ac637071e0, 0x000001ac63707870, 0x000001ac637092b0,
0x000001ac63708590, 0x000001ac63708c20, 0x000001ac63707f00, 0x000001ac63705e30,
0x000001ac63709940, 0x000001ac637064c0, 0x000001ac63706b50, 0x000001ac671549b0,
0x000001ac671563f0, 0x000001ac660d3960, 0x000001ac660d4d10, 0x000001ac660d32d0,
0x000001ac660d5a30, 0x000001ac660d2c40, 0x000001ac660d6750, 0x000001ac660d6de0,
0x000001ac660d60c0, 0x000001ac660d7470, 0x000001ac660d3ff0, 0x000001ac660d4680,
0x000001ac660d8eb0, 0x000001ac660d8820, 0x000001ac660d8190, 0x000001ac660d9540,
0x000001ac660d9bd0, 0x000001ac673bf4d0, 0x000001ac673be120, 0x000001ac673bd400,
0x000001ac673bee40, 0x000001ac673bfb60, 0x000001ac673bcd70, 0x000001ac673c01f0,
0x000001ac673c0880, 0x000001ac673bda90, 0x000001ac673c1c30, 0x000001ac673c15a0,
0x000001ac673be7b0, 0x000001ac673c3670, 0x000001ac673c2fe0, 0x000001ac673c22c0,
0x000001ac673c2950, 0x000001ac673c4390, 0x000001ac673c0f10, 0x000001ac660da260,
0x000001ac643c6ff0, 0x000001ac643c9750, 0x000001ac643c90c0, 0x000001ac643ca470,
0x000001ac643cab00, 0x000001ac643c9de0, 0x000001ac643c7680, 0x000001ac643c7d10,
0x000001ac643c83a0, 0x000001ac643cb820, 0x000001ac643cb190, 0x000001ac643c8a30,
0x000001ac643cc540, 0x000001ac643cd260, 0x000001ac643ccbd0, 0x000001ac643cbeb0,
0x000001ac643cd8f0, 0x000001ac643ce610, 0x000001ac660d7b00, 0x000001ac6ffb0e50,
0x000001ac6ffb0130, 0x000001ac6ffb2890, 0x000001ac6ffb35b0, 0x000001ac6ffb1b70,
0x000001ac6ffb2200, 0x000001ac6ffb2f20, 0x000001ac6ffb3c40, 0x000001ac6ffb07c0,
0x000001ac6ffb4960, 0x000001ac6ffb14e0, 0x000001ac6ffb63a0, 0x000001ac6ffb42d0,
0x000001ac6ffb6a30, 0x000001ac6ffb5d10, 0x000001ac6ffb4ff0, 0x000001ac644301a0,
0x000001ac64430830, 0x000001ac64430ec0, 0x000001ac64431be0, 0x000001ac64432270,
0x000001ac64435d80, 0x000001ac64434340, 0x000001ac6442edf0, 0x000001ac644349d0,
0x000001ac64432900, 0x000001ac64436410, 0x000001ac64432f90, 0x000001ac64433620,
0x000001ac64436aa0, 0x000001ac64433cb0, 0x000001ac64437130, 0x000001ac644384e0,
0x000001ac64437e50, 0x000001ac64435060, 0x000001ac64438b70, 0x000001ac6443b960,
0x000001ac6443bff0, 0x000001ac644356f0, 0x000001ac64439200, 0x000001ac64439f20,
0x000001ac64439890, 0x000001ac644377c0, 0x000001ac6443b2d0, 0x000001ac6443c680,
0x000001ac6443d3a0, 0x000001ac6443da30, 0x000001ac6443cd10, 0x000001ac6443e0c0,
0x000001ac6443a5b0, 0x000001ac6ffb70c0, 0x000001ac6ffb5680, 0x000001ac643cdf80,
0x000001ac67502df0, 0x000001ac67502760, 0x000001ac675041a0, 0x000001ac67503480,
0x000001ac67504ec0, 0x000001ac67501a40, 0x000001ac67503b10, 0x000001ac67504830,
0x000001ac675020d0, 0x000001ac675089d0, 0x000001ac67506270, 0x000001ac67505550,
0x000001ac67507620, 0x000001ac67508340, 0x000001ac67509060, 0x000001ac67505be0,
0x000001ac6750aaa0, 0x000001ac675096f0, 0x000001ac67509d80, 0x000001ac67506900,
0x000001ac67507cb0, 0x000001ac6750a410, 0x000001ac6750df20, 0x000001ac6750cb70,
0x000001ac6750b130, 0x000001ac6750d890, 0x000001ac6750e5b0, 0x000001ac6750d200,
0x000001ac67506f90, 0x000001ac6750b7c0, 0x000001ac6750be50, 0x000001ac6750f2d0,
0x000001ac6750c4e0, 0x000001ac6750f960, 0x000001ac67510680, 0x000001ac6443ac40,
0x000001ac673d7360, 0x000001ac673d6640, 0x000001ac673d6cd0, 0x000001ac673d79f0,
0x000001ac673d4570, 0x000001ac673d3ee0, 0x000001ac673d8080, 0x000001ac673d5920,
0x000001ac673d5fb0, 0x000001ac673dbb90, 0x000001ac673da7e0, 0x000001ac673e0a50,
0x000001ac673dc8b0, 0x000001ac67510d10, 0x000001ac673dae70, 0x000001ac660d53a0,
0x000001ac673e10e0, 0x000001ac70b5b120, 0x000001ac70b59050, 0x000001ac70b5aa90,
0x000001ac70b596e0, 0x000001ac70b5f2c0, 0x000001ac70b5cb60, 0x000001ac70b5d1f0,
0x000001ac70b5a400, 0x000001ac70b5d880, 0x000001ac70b5be40, 0x000001ac70b60d00,
0x000001ac70b61a20, 0x000001ac70b5c4d0, 0x000001ac70b64180, 0x000001ac70b5e5a0,
0x000001ac70b61390, 0x000001ac70b59d70, 0x000001ac70b64810, 0x000001ac70b5f950,
0x000001ac70b65530, 0x000001ac70b63af0, 0x000001ac70b67600, 0x000001ac637043f0,
0x000001ac70b64ea0, 0x000001ac70b5ffe0, 0x000001ac70b5b7b0, 0x000001ac70b68320,
0x000001ac673dcf40, 0x000001ac673dd5d0, 0x000001ac673d9ac0, 0x000001ac673da150,
0x000001ac673d5290, 0x000001ac673de2f0, 0x000001ac673ddc60, 0x000001ac673de980,
0x000001ac673dfd30, 0x000001ac673db500, 0x000001ac673e1770, 0x000001ac673e1e00,
0x000001ac673e2490, 0x000001ac673dc220, 0x000001ac673e31b0, 0x000001ac70b620b0,
0x000001ac70b63460, 0x000001ac70b5ec30, 0x000001ac70b65bc0, 0x000001ac70b62740,
0x000001ac70b66250, 0x000001ac70b67c90, 0x000001ac673d8710, 0x000001ac673df010,
0x000001ac673d9430, 0x000001ac673e2b20, 0x000001ac70b66f70, 0x000001ac6750ec40,
0x000001ac65fbfed0, 0x000001ac65fc1fa0, 0x000001ac65fc0bf0, 0x000001ac65fc1910,
0x000001ac65fbeb20, 0x000001ac65fc1280, 0x000001ac65fc2630, 0x000001ac65fc2cc0,
0x000001ac65fbf840, 0x000001ac65fbf1b0, 0x000001ac65fc39e0, 0x000001ac65fc67d0,
0x000001ac65fc3350, 0x000001ac65fc0560, 0x000001ac65fc4d90, 0x000001ac65fc4700,
0x000001ac65fc6e60, 0x000001ac65fc74f0, 0x000001ac65fc88a0, 0x000001ac65fc4070,
0x000001ac65fc7b80, 0x000001ac65fc6140, 0x000001ac65fc8f30, 0x000001ac65fc95c0,
0x000001ac65fca2e0, 0x000001ac65fc5420, 0x000001ac70abaa70, 0x000001ac65fc5ab0,
0x000001ac65fca970, 0x000001ac65fc8210, 0x000001ac65fc9c50, 0x000001ac65fcb000,
0x000001ac65fcca40
}

Java Threads: ( => current thread )
  0x000001ac426b8410 JavaThread "main"                              [_thread_blocked, id=45708, stack(0x000000228df00000,0x000000228e000000) (1024K)]
  0x000001ac44b6ffd0 JavaThread "Reference Handler"          daemon [_thread_blocked, id=44132, stack(0x000000228e300000,0x000000228e400000) (1024K)]
  0x000001ac44b71bb0 JavaThread "Finalizer"                  daemon [_thread_blocked, id=25888, stack(0x000000228e400000,0x000000228e500000) (1024K)]
  0x000001ac44b76ed0 JavaThread "Signal Dispatcher"          daemon [_thread_blocked, id=47508, stack(0x000000228e500000,0x000000228e600000) (1024K)]
  0x000001ac44b79a40 JavaThread "Attach Listener"            daemon [_thread_blocked, id=44676, stack(0x000000228e600000,0x000000228e700000) (1024K)]
  0x000001ac5c976f50 JavaThread "Service Thread"             daemon [_thread_blocked, id=22348, stack(0x000000228e700000,0x000000228e800000) (1024K)]
  0x000001ac5c9788e0 JavaThread "Monitor Deflation Thread"   daemon [_thread_blocked, id=25788, stack(0x000000228e800000,0x000000228e900000) (1024K)]
=>0x000001ac5c97f750 JavaThread "C2 CompilerThread0"         daemon [_thread_in_native, id=35204, stack(0x000000228e900000,0x000000228ea00000) (1024K)]
  0x000001ac5c986640 JavaThread "C1 CompilerThread0"         daemon [_thread_blocked, id=44804, stack(0x000000228ea00000,0x000000228eb00000) (1024K)]
  0x000001ac5cb96380 JavaThread "Common-Cleaner"             daemon [_thread_blocked, id=47176, stack(0x000000228eb00000,0x000000228ec00000) (1024K)]
  0x000001ac5cc2df20 JavaThread "Notification Thread"        daemon [_thread_blocked, id=25728, stack(0x000000228ed00000,0x000000228ee00000) (1024K)]
  0x000001ac6380c180 JavaThread "Active Thread: Equinox Container: 9b0c96e7-e377-4984-9fa7-7b3f87391f17"        [_thread_blocked, id=12540, stack(0x000000228f400000,0x000000228f500000) (1024K)]
  0x000001ac638b26f0 JavaThread "Refresh Thread: Equinox Container: 9b0c96e7-e377-4984-9fa7-7b3f87391f17" daemon [_thread_blocked, id=29592, stack(0x000000228f800000,0x000000228f900000) (1024K)]
  0x000001ac6364fc90 JavaThread "Framework Event Dispatcher: Equinox Container: 9b0c96e7-e377-4984-9fa7-7b3f87391f17" daemon [_thread_blocked, id=45640, stack(0x000000228f900000,0x000000228fa00000) (1024K)]
  0x000001ac6384c000 JavaThread "Start Level: Equinox Container: 9b0c96e7-e377-4984-9fa7-7b3f87391f17" daemon [_thread_blocked, id=10592, stack(0x000000228fa00000,0x000000228fb00000) (1024K)]
  0x000001ac63d77010 JavaThread "Bundle File Closer"         daemon [_thread_blocked, id=39908, stack(0x000000228fd00000,0x000000228fe00000) (1024K)]
  0x000001ac63bf9c10 JavaThread "SCR Component Actor"        daemon [_thread_blocked, id=31272, stack(0x000000228fe00000,0x000000228ff00000) (1024K)]
  0x000001ac63b0d230 JavaThread "Worker-JM"                         [_thread_blocked, id=9280, stack(0x0000002290200000,0x0000002290300000) (1024K)]
  0x000001ac6357e980 JavaThread "JNA Cleaner"                daemon [_thread_blocked, id=48056, stack(0x0000002290300000,0x0000002290400000) (1024K)]
  0x000001ac6357f6a0 JavaThread "Worker-0: Initialize workspace"        [_thread_blocked, id=43928, stack(0x0000002290400000,0x0000002290500000) (1024K)]
  0x000001ac6357f010 JavaThread "Worker-1: Initialize workspace"        [_thread_blocked, id=47740, stack(0x0000002290500000,0x0000002290600000) (1024K)]
  0x000001ac635803c0 JavaThread "Java indexing"              daemon [_thread_blocked, id=30128, stack(0x0000002290700000,0x0000002290800000) (1024K)]
  0x000001ac635810e0 JavaThread "Worker-2: Initialize workspace"        [_thread_blocked, id=19220, stack(0x0000002290b00000,0x0000002290c00000) (1024K)]
  0x000001ac6357e2f0 JavaThread "Worker-3: Initialize workspace"        [_thread_blocked, id=38016, stack(0x0000002290c00000,0x0000002290d00000) (1024K)]
  0x000001ac63580a50 JavaThread "pool-2-thread-1"                   [_thread_blocked, id=28296, stack(0x0000002290d00000,0x0000002290e00000) (1024K)]
  0x000001ac63581770 JavaThread "WorkspaceEventsHandler"            [_thread_blocked, id=45444, stack(0x0000002290e00000,0x0000002290f00000) (1024K)]
  0x000001ac650a70c0 JavaThread "pool-1-thread-1"                   [_thread_blocked, id=44604, stack(0x0000002290f00000,0x0000002291000000) (1024K)]
  0x000001ac650a9820 JavaThread "Worker-4: Initialize workspace"        [_thread_blocked, id=45384, stack(0x0000002291000000,0x0000002291100000) (1024K)]
  0x000001ac650a8470 JavaThread "PatternSearchJob-worker-1"  daemon [_thread_blocked, id=43704, stack(0x0000002291100000,0x0000002291200000) (1024K)]
  0x000001ac650a7750 JavaThread "PatternSearchJob-worker-2"  daemon [_thread_blocked, id=13232, stack(0x0000002291200000,0x0000002291300000) (1024K)]
  0x000001ac650a8b00 JavaThread "PatternSearchJob-worker-3"  daemon [_thread_blocked, id=6448, stack(0x0000002291300000,0x0000002291400000) (1024K)]
  0x000001ac650a9190 JavaThread "PatternSearchJob-worker-4"  daemon [_thread_blocked, id=6472, stack(0x0000002291400000,0x0000002291500000) (1024K)]
  0x000001ac650a9eb0 JavaThread "PatternSearchJob-worker-5"  daemon [_thread_blocked, id=9608, stack(0x0000002291500000,0x0000002291600000) (1024K)]
  0x000001ac650a6a30 JavaThread "PatternSearchJob-worker-6"  daemon [_thread_blocked, id=27868, stack(0x0000002291600000,0x0000002291700000) (1024K)]
  0x000001ac650ad330 JavaThread "PatternSearchJob-worker-7"  daemon [_thread_blocked, id=12756, stack(0x0000002291700000,0x0000002291800000) (1024K)]
  0x000001ac650ad9c0 JavaThread "PatternSearchJob-worker-8"  daemon [_thread_blocked, id=40856, stack(0x0000002291800000,0x0000002291900000) (1024K)]
  0x000001ac650aa540 JavaThread "PatternSearchJob-worker-9"  daemon [_thread_blocked, id=36320, stack(0x0000002291900000,0x0000002291a00000) (1024K)]
  0x000001ac650abf80 JavaThread "PatternSearchJob-worker-10" daemon [_thread_blocked, id=39508, stack(0x0000002291a00000,0x0000002291b00000) (1024K)]
  0x000001ac650ae050 JavaThread "PatternSearchJob-worker-11" daemon [_thread_blocked, id=35248, stack(0x0000002291b00000,0x0000002291c00000) (1024K)]
  0x000001ac650aabd0 JavaThread "PatternSearchJob-worker-12" daemon [_thread_blocked, id=39512, stack(0x0000002291c00000,0x0000002291d00000) (1024K)]
  0x000001ac650ab8f0 JavaThread "PatternSearchJob-worker-13" daemon [_thread_blocked, id=45568, stack(0x0000002291d00000,0x0000002291e00000) (1024K)]
  0x000001ac650ab260 JavaThread "PatternSearchJob-worker-14" daemon [_thread_blocked, id=41740, stack(0x0000002291e00000,0x0000002291f00000) (1024K)]
  0x000001ac650ac610 JavaThread "PatternSearchJob-worker-15" daemon [_thread_blocked, id=44108, stack(0x0000002291f00000,0x0000002292000000) (1024K)]
  0x000001ac650acca0 JavaThread "PatternSearchJob-worker-16" daemon [_thread_blocked, id=45512, stack(0x0000002292000000,0x0000002292100000) (1024K)]
  0x000001ac631a1790 JavaThread "PatternSearchJob-worker-17" daemon [_thread_blocked, id=3920, stack(0x0000002292100000,0x0000002292200000) (1024K)]
  0x000001ac6319e9a0 JavaThread "PatternSearchJob-worker-18" daemon [_thread_blocked, id=45656, stack(0x0000002292200000,0x0000002292300000) (1024K)]
  0x000001ac6319fd50 JavaThread "PatternSearchJob-worker-19" daemon [_thread_blocked, id=41724, stack(0x0000002292300000,0x0000002292400000) (1024K)]
  0x000001ac6319e310 JavaThread "Timer-0"                           [_thread_blocked, id=27348, stack(0x0000002292600000,0x0000002292700000) (1024K)]
  0x000001ac631a0a70 JavaThread "Timer-1"                           [_thread_blocked, id=47480, stack(0x0000002292500000,0x0000002292600000) (1024K)]
  0x000001ac631a1100 JavaThread "Timer-2"                           [_thread_blocked, id=44140, stack(0x0000002292700000,0x0000002292800000) (1024K)]
  0x000001ac631a1e20 JavaThread "Worker-5: Initialize workspace"        [_thread_blocked, id=46616, stack(0x0000002292400000,0x0000002292500000) (1024K)]
  0x000001ac631a2b40 JavaThread "Worker-6: Initialize workspace"        [_thread_blocked, id=46592, stack(0x0000002292800000,0x0000002292900000) (1024K)]
  0x000001ac6319f6c0 JavaThread "Timer-3"                           [_thread_blocked, id=46600, stack(0x0000002292a00000,0x0000002292b00000) (1024K)]
  0x000001ac631a3860 JavaThread "Timer-4"                           [_thread_blocked, id=45456, stack(0x0000002292b00000,0x0000002292c00000) (1024K)]
  0x000001ac631a24b0 JavaThread "Worker-7: Initialize workspace"        [_thread_blocked, id=46020, stack(0x0000002292900000,0x0000002292a00000) (1024K)]
  0x000001ac631a31d0 JavaThread "Worker-8: Initialize workspace"        [_thread_blocked, id=42128, stack(0x0000002292c00000,0x0000002292d00000) (1024K)]
  0x000001ac631a4580 JavaThread "Timer-5"                           [_thread_blocked, id=41996, stack(0x0000002292e00000,0x0000002292f00000) (1024K)]
  0x000001ac631a3ef0 JavaThread "Timer-6"                           [_thread_blocked, id=45712, stack(0x0000002292f00000,0x0000002293000000) (1024K)]
  0x000001ac631a52a0 JavaThread "Timer-7"                           [_thread_blocked, id=23908, stack(0x0000002293000000,0x0000002293100000) (1024K)]
  0x000001ac631a4c10 JavaThread "Worker-9: Initialize workspace"        [_thread_blocked, id=39152, stack(0x0000002293100000,0x0000002293200000) (1024K)]
  0x000001ac631a5930 JavaThread "Timer-8"                           [_thread_blocked, id=47652, stack(0x0000002293200000,0x0000002293300000) (1024K)]
  0x000001ac6714f460 JavaThread "Worker-10: Initialize workspace"        [_thread_blocked, id=46376, stack(0x0000002293300000,0x0000002293400000) (1024K)]
  0x000001ac67150180 JavaThread "Timer-9"                           [_thread_blocked, id=41332, stack(0x0000002293500000,0x0000002293600000) (1024K)]
  0x000001ac6714faf0 JavaThread "Worker-11: Initialize workspace"        [_thread_blocked, id=37912, stack(0x0000002293600000,0x0000002293700000) (1024K)]
  0x000001ac67150ea0 JavaThread "Timer-10"                          [_thread_blocked, id=29196, stack(0x0000002293700000,0x0000002293800000) (1024K)]
  0x000001ac67151530 JavaThread "Worker-12: Initialize workspace"        [_thread_blocked, id=11380, stack(0x0000002293800000,0x0000002293900000) (1024K)]
  0x000001ac671528e0 JavaThread "Timer-11"                          [_thread_blocked, id=22812, stack(0x0000002293900000,0x0000002293a00000) (1024K)]
  0x000001ac67151bc0 JavaThread "Worker-13: Initialize workspace"        [_thread_blocked, id=47052, stack(0x0000002293a00000,0x0000002293b00000) (1024K)]
  0x000001ac67153c90 JavaThread "Connection worker"                 [_thread_blocked, id=1844, stack(0x0000002293400000,0x0000002293500000) (1024K)]
  0x000001ac67152f70 JavaThread "Connection worker"                 [_thread_in_native, id=1948, stack(0x0000002293b00000,0x0000002293c00000) (1024K)]
  0x000001ac67150810 JavaThread "Connection worker"                 [_thread_blocked, id=45376, stack(0x0000002293c00000,0x0000002293d00000) (1024K)]
  0x000001ac67152250 JavaThread "Connection worker"                 [_thread_blocked, id=17388, stack(0x0000002293d00000,0x0000002293e00000) (1024K)]
  0x000001ac67155040 JavaThread "Connection worker"                 [_thread_blocked, id=41776, stack(0x0000002293e00000,0x0000002293f00000) (1024K)]
  0x000001ac671556d0 JavaThread "Connection worker"                 [_thread_blocked, id=47160, stack(0x0000002293f00000,0x0000002294000000) (1024K)]
  0x000001ac67155d60 JavaThread "Worker-14: Initialize workspace"        [_thread_blocked, id=43416, stack(0x0000002294000000,0x0000002294100000) (1024K)]
  0x000001ac67154320 JavaThread "Connection worker"                 [_thread_in_native, id=46796, stack(0x0000002294200000,0x0000002294300000) (1024K)]
  0x000001ac67156a80 JavaThread "Timer-12"                          [_thread_blocked, id=22764, stack(0x0000002294300000,0x0000002294400000) (1024K)]
  0x000001ac631a03e0 JavaThread "Connection worker"                 [_thread_blocked, id=41972, stack(0x0000002294500000,0x0000002294600000) (1024K)]
  0x000001ac63703040 JavaThread "Connection worker"                 [_thread_blocked, id=41908, stack(0x0000002294600000,0x0000002294700000) (1024K)]
  0x000001ac63704a80 JavaThread "Connection worker"                 [_thread_blocked, id=23696, stack(0x0000002294100000,0x0000002294200000) (1024K)]
  0x000001ac63705110 JavaThread "Connection worker"                 [_thread_blocked, id=33200, stack(0x0000002294400000,0x0000002294500000) (1024K)]
  0x000001ac637036d0 JavaThread "Worker-15: Initialize workspace"        [_thread_blocked, id=21764, stack(0x0000002294800000,0x0000002294900000) (1024K)]
  0x000001ac637029b0 JavaThread "Timer-13"                          [_thread_blocked, id=10580, stack(0x0000002294a00000,0x0000002294b00000) (1024K)]
  0x000001ac63703d60 JavaThread "Worker-16: Initialize workspace"        [_thread_blocked, id=2436, stack(0x0000002294900000,0x0000002294a00000) (1024K)]
  0x000001ac63702320 JavaThread "Connection worker"                 [_thread_blocked, id=45200, stack(0x0000002294b00000,0x0000002294c00000) (1024K)]
  0x000001ac637071e0 JavaThread "Timer-14"                          [_thread_blocked, id=12444, stack(0x0000002294d00000,0x0000002294e00000) (1024K)]
  0x000001ac63707870 JavaThread "pool-14-thread-1"                  [_thread_blocked, id=17220, stack(0x0000002294c00000,0x0000002294d00000) (1024K)]
  0x000001ac637092b0 JavaThread "pool-4-thread-1"                   [_thread_blocked, id=25828, stack(0x0000002294e00000,0x0000002294f00000) (1024K)]
  0x000001ac63708590 JavaThread "pool-13-thread-1"                  [_thread_blocked, id=44328, stack(0x0000002294f00000,0x0000002295000000) (1024K)]
  0x000001ac63708c20 JavaThread "pool-9-thread-1"                   [_thread_blocked, id=37328, stack(0x0000002295000000,0x0000002295100000) (1024K)]
  0x000001ac63707f00 JavaThread "pool-12-thread-1"                  [_thread_blocked, id=44168, stack(0x0000002295100000,0x0000002295200000) (1024K)]
  0x000001ac63705e30 JavaThread "pool-11-thread-1"                  [_thread_blocked, id=44196, stack(0x0000002295200000,0x0000002295300000) (1024K)]
  0x000001ac63709940 JavaThread "pool-6-thread-1"                   [_thread_blocked, id=36032, stack(0x0000002295300000,0x0000002295400000) (1024K)]
  0x000001ac637064c0 JavaThread "pool-8-thread-1"                   [_thread_blocked, id=45332, stack(0x0000002295400000,0x0000002295500000) (1024K)]
  0x000001ac63706b50 JavaThread "pool-15-thread-1"                  [_thread_blocked, id=45936, stack(0x0000002295500000,0x0000002295600000) (1024K)]
  0x000001ac671549b0 JavaThread "pool-7-thread-1"                   [_thread_blocked, id=19736, stack(0x0000002295600000,0x0000002295700000) (1024K)]
  0x000001ac671563f0 JavaThread "pool-5-thread-1"                   [_thread_blocked, id=44212, stack(0x0000002295700000,0x0000002295800000) (1024K)]
  0x000001ac660d3960 JavaThread "pool-10-thread-1"                  [_thread_blocked, id=13992, stack(0x0000002295800000,0x0000002295900000) (1024K)]
  0x000001ac660d4d10 JavaThread "Connection worker"                 [_thread_blocked, id=27128, stack(0x0000002295a00000,0x0000002295b00000) (1024K)]
  0x000001ac660d32d0 JavaThread "Worker-17: Initialize workspace"        [_thread_blocked, id=44736, stack(0x0000002295b00000,0x0000002295c00000) (1024K)]
  0x000001ac660d5a30 JavaThread "pool-16-thread-1"                  [_thread_blocked, id=44348, stack(0x0000002295d00000,0x0000002295e00000) (1024K)]
  0x000001ac660d2c40 JavaThread "Timer-15"                          [_thread_blocked, id=29244, stack(0x0000002295e00000,0x0000002295f00000) (1024K)]
  0x000001ac660d6750 JavaThread "Connection worker"                 [_thread_blocked, id=46132, stack(0x0000002295c00000,0x0000002295d00000) (1024K)]
  0x000001ac660d6de0 JavaThread "Worker-18: Initialize workspace"        [_thread_blocked, id=46120, stack(0x0000002295f00000,0x0000002296000000) (1024K)]
  0x000001ac660d60c0 JavaThread "pool-17-thread-1"                  [_thread_blocked, id=46488, stack(0x0000002296200000,0x0000002296300000) (1024K)]
  0x000001ac660d7470 JavaThread "Timer-16"                          [_thread_blocked, id=46464, stack(0x0000002296300000,0x0000002296400000) (1024K)]
  0x000001ac660d3ff0 JavaThread "Connection worker"                 [_thread_blocked, id=44420, stack(0x0000002296100000,0x0000002296200000) (1024K)]
  0x000001ac660d4680 JavaThread "pool-18-thread-1"                  [_thread_blocked, id=28024, stack(0x0000002296500000,0x0000002296600000) (1024K)]
  0x000001ac660d8eb0 JavaThread "Timer-17"                          [_thread_blocked, id=37840, stack(0x0000002296600000,0x0000002296700000) (1024K)]
  0x000001ac660d8820 JavaThread "Worker-19: Initialize workspace"        [_thread_blocked, id=43992, stack(0x0000002296700000,0x0000002296800000) (1024K)]
  0x000001ac660d8190 JavaThread "Worker-20: Initialize workspace"        [_thread_blocked, id=11520, stack(0x0000002296400000,0x0000002296500000) (1024K)]
  0x000001ac660d9540 JavaThread "Connection worker"                 [_thread_blocked, id=22524, stack(0x0000002296900000,0x0000002296a00000) (1024K)]
  0x000001ac660d9bd0 JavaThread "Timer-18"                          [_thread_blocked, id=22304, stack(0x0000002296a00000,0x0000002296b00000) (1024K)]
  0x000001ac673bf4d0 JavaThread "pool-19-thread-1"                  [_thread_blocked, id=13600, stack(0x0000002296c00000,0x0000002296d00000) (1024K)]
  0x000001ac673be120 JavaThread "Worker-21: Initialize workspace"        [_thread_blocked, id=41160, stack(0x0000002296800000,0x0000002296900000) (1024K)]
  0x000001ac673bd400 JavaThread "Connection worker"                 [_thread_blocked, id=22308, stack(0x0000002296d00000,0x0000002296e00000) (1024K)]
  0x000001ac673bee40 JavaThread "Timer-19"                          [_thread_blocked, id=26352, stack(0x0000002296e00000,0x0000002296f00000) (1024K)]
  0x000001ac673bfb60 JavaThread "pool-20-thread-1"                  [_thread_blocked, id=18868, stack(0x0000002297000000,0x0000002297100000) (1024K)]
  0x000001ac673bcd70 JavaThread "Worker-22: Initialize workspace"        [_thread_blocked, id=27428, stack(0x0000002296b00000,0x0000002296c00000) (1024K)]
  0x000001ac673c01f0 JavaThread "Worker-23: Initialize workspace"        [_thread_blocked, id=20812, stack(0x0000002296f00000,0x0000002297000000) (1024K)]
  0x000001ac673c0880 JavaThread "Connection worker"                 [_thread_blocked, id=27456, stack(0x0000002297200000,0x0000002297300000) (1024K)]
  0x000001ac673bda90 JavaThread "Timer-20"                          [_thread_blocked, id=46892, stack(0x0000002297300000,0x0000002297400000) (1024K)]
  0x000001ac673c1c30 JavaThread "pool-21-thread-1"                  [_thread_blocked, id=2360, stack(0x0000002297500000,0x0000002297600000) (1024K)]
  0x000001ac673c15a0 JavaThread "Connection worker"                 [_thread_blocked, id=25876, stack(0x0000002297400000,0x0000002297500000) (1024K)]
  0x000001ac673be7b0 JavaThread "Timer-21"                          [_thread_blocked, id=27016, stack(0x0000002297600000,0x0000002297700000) (1024K)]
  0x000001ac673c3670 JavaThread "pool-22-thread-1"                  [_thread_blocked, id=26992, stack(0x0000002297800000,0x0000002297900000) (1024K)]
  0x000001ac673c2fe0 JavaThread "Connection worker"                 [_thread_blocked, id=46716, stack(0x0000002297100000,0x0000002297200000) (1024K)]
  0x000001ac673c22c0 JavaThread "Timer-22"                          [_thread_blocked, id=39176, stack(0x0000002297900000,0x0000002297a00000) (1024K)]
  0x000001ac673c2950 JavaThread "pool-23-thread-1"                  [_thread_blocked, id=46280, stack(0x0000002297b00000,0x0000002297c00000) (1024K)]
  0x000001ac673c4390 JavaThread "Worker-24: Initialize workspace"        [_thread_blocked, id=42984, stack(0x0000002297a00000,0x0000002297b00000) (1024K)]
  0x000001ac673c0f10 JavaThread "Worker-25: Initialize workspace"        [_thread_blocked, id=21396, stack(0x0000002297700000,0x0000002297800000) (1024K)]
  0x000001ac660da260 JavaThread "Connection worker"                 [_thread_blocked, id=16188, stack(0x0000002297c00000,0x0000002297d00000) (1024K)]
  0x000001ac643c6ff0 JavaThread "Timer-23"                          [_thread_blocked, id=26936, stack(0x0000002297e00000,0x0000002297f00000) (1024K)]
  0x000001ac643c9750 JavaThread "pool-24-thread-1"                  [_thread_blocked, id=31176, stack(0x0000002298000000,0x0000002298100000) (1024K)]
  0x000001ac643c90c0 JavaThread "Connection worker"                 [_thread_in_native, id=43888, stack(0x0000002297d00000,0x0000002297e00000) (1024K)]
  0x000001ac643ca470 JavaThread "pool-25-thread-1"                  [_thread_blocked, id=39556, stack(0x0000002298100000,0x0000002298200000) (1024K)]
  0x000001ac643cab00 JavaThread "Timer-24"                          [_thread_blocked, id=45856, stack(0x0000002298200000,0x0000002298300000) (1024K)]
  0x000001ac643c9de0 JavaThread "Worker-26: Initialize workspace"        [_thread_blocked, id=6132, stack(0x0000002298300000,0x0000002298400000) (1024K)]
  0x000001ac643c7680 JavaThread "Connection worker"                 [_thread_blocked, id=12892, stack(0x0000002297f00000,0x0000002298000000) (1024K)]
  0x000001ac643c7d10 JavaThread "Timer-25"                          [_thread_blocked, id=22316, stack(0x0000002298500000,0x0000002298600000) (1024K)]
  0x000001ac643c83a0 JavaThread "pool-26-thread-1"                  [_thread_blocked, id=22272, stack(0x0000002298700000,0x0000002298800000) (1024K)]
  0x000001ac643cb820 JavaThread "Worker-27: Initialize workspace"        [_thread_blocked, id=30152, stack(0x0000002298600000,0x0000002298700000) (1024K)]
  0x000001ac643cb190 JavaThread "Worker-28: Initialize workspace"        [_thread_blocked, id=30160, stack(0x0000002298400000,0x0000002298500000) (1024K)]
  0x000001ac643c8a30 JavaThread "Connection worker"                 [_thread_blocked, id=30168, stack(0x0000002298900000,0x0000002298a00000) (1024K)]
  0x000001ac643cc540 JavaThread "Timer-26"                          [_thread_blocked, id=30280, stack(0x0000002298a00000,0x0000002298b00000) (1024K)]
  0x000001ac643cd260 JavaThread "pool-27-thread-1"                  [_thread_blocked, id=30292, stack(0x0000002298c00000,0x0000002298d00000) (1024K)]
  0x000001ac643ccbd0 JavaThread "Connection worker"                 [_thread_blocked, id=19640, stack(0x0000002298800000,0x0000002298900000) (1024K)]
  0x000001ac643cbeb0 JavaThread "Worker-29: Initialize workspace"        [_thread_blocked, id=30400, stack(0x0000002298b00000,0x0000002298c00000) (1024K)]
  0x000001ac643cd8f0 JavaThread "pool-28-thread-1"                  [_thread_blocked, id=42428, stack(0x0000002298e00000,0x0000002298f00000) (1024K)]
  0x000001ac643ce610 JavaThread "Timer-27"                          [_thread_blocked, id=45892, stack(0x0000002298f00000,0x0000002299000000) (1024K)]
  0x000001ac660d7b00 JavaThread "Connection worker"                 [_thread_blocked, id=40452, stack(0x0000002298d00000,0x0000002298e00000) (1024K)]
  0x000001ac6ffb0e50 JavaThread "Timer-28"                          [_thread_blocked, id=39824, stack(0x0000002299100000,0x0000002299200000) (1024K)]
  0x000001ac6ffb0130 JavaThread "pool-29-thread-1"                  [_thread_blocked, id=6604, stack(0x0000002299300000,0x0000002299400000) (1024K)]
  0x000001ac6ffb2890 JavaThread "Worker-30: Initialize workspace"        [_thread_blocked, id=32720, stack(0x0000002299200000,0x0000002299300000) (1024K)]
  0x000001ac6ffb35b0 JavaThread "Connection worker"                 [_thread_blocked, id=13996, stack(0x0000002299000000,0x0000002299100000) (1024K)]
  0x000001ac6ffb1b70 JavaThread "pool-30-thread-1"                  [_thread_blocked, id=30992, stack(0x0000002299400000,0x0000002299500000) (1024K)]
  0x000001ac6ffb2200 JavaThread "Timer-29"                          [_thread_blocked, id=30888, stack(0x0000002299600000,0x0000002299700000) (1024K)]
  0x000001ac6ffb2f20 JavaThread "Worker-31: Initialize workspace"        [_thread_blocked, id=2204, stack(0x0000002299700000,0x0000002299800000) (1024K)]
  0x000001ac6ffb3c40 JavaThread "Connection worker"                 [_thread_blocked, id=25536, stack(0x0000002299500000,0x0000002299600000) (1024K)]
  0x000001ac6ffb07c0 JavaThread "Worker-32: Initialize workspace"        [_thread_blocked, id=9552, stack(0x0000002299800000,0x0000002299900000) (1024K)]
  0x000001ac6ffb4960 JavaThread "Timer-30"                          [_thread_blocked, id=12776, stack(0x0000002299a00000,0x0000002299b00000) (1024K)]
  0x000001ac6ffb14e0 JavaThread "pool-31-thread-1"                  [_thread_blocked, id=29336, stack(0x0000002299b00000,0x0000002299c00000) (1024K)]
  0x000001ac6ffb63a0 JavaThread "Exec process"                      [_thread_in_native, id=5036, stack(0x0000002299900000,0x0000002299a00000) (1024K)]
  0x000001ac6ffb42d0 JavaThread "Connection worker"                 [_thread_blocked, id=37152, stack(0x0000002299c00000,0x0000002299d00000) (1024K)]
  0x000001ac6ffb6a30 JavaThread "Exec process Thread 2"             [_thread_blocked, id=37164, stack(0x0000002299f00000,0x000000229a000000) (1024K)]
  0x000001ac6ffb5d10 JavaThread "pool-32-thread-1"                  [_thread_blocked, id=37168, stack(0x0000002299e00000,0x0000002299f00000) (1024K)]
  0x000001ac6ffb4ff0 JavaThread "Timer-31"                          [_thread_blocked, id=37176, stack(0x000000229a100000,0x000000229a200000) (1024K)]
  0x000001ac644301a0 JavaThread "Exec process"                      [_thread_in_native, id=32352, stack(0x000000229a300000,0x000000229a400000) (1024K)]
  0x000001ac64430830 JavaThread "Worker-33: Initialize workspace"        [_thread_blocked, id=32356, stack(0x000000229a200000,0x000000229a300000) (1024K)]
  0x000001ac64430ec0 JavaThread "Exec process Thread 2"             [_thread_blocked, id=43812, stack(0x000000229a600000,0x000000229a700000) (1024K)]
  0x000001ac64431be0 JavaThread "Connection worker"                 [_thread_blocked, id=48048, stack(0x000000229a500000,0x000000229a600000) (1024K)]
  0x000001ac64432270 JavaThread "Worker-34: Initialize workspace"        [_thread_blocked, id=37992, stack(0x000000229a700000,0x000000229a800000) (1024K)]
  0x000001ac64435d80 JavaThread "pool-33-thread-1"                  [_thread_blocked, id=45688, stack(0x000000229a900000,0x000000229aa00000) (1024K)]
  0x000001ac64434340 JavaThread "Timer-32"                          [_thread_blocked, id=41144, stack(0x000000229ab00000,0x000000229ac00000) (1024K)]
  0x000001ac6442edf0 JavaThread "Worker-35: Initialize workspace"        [_thread_blocked, id=43940, stack(0x000000229a800000,0x000000229a900000) (1024K)]
  0x000001ac644349d0 JavaThread "Connection worker"                 [_thread_blocked, id=42380, stack(0x000000229ac00000,0x000000229ad00000) (1024K)]
  0x000001ac64432900 JavaThread "Timer-33"                          [_thread_blocked, id=38200, stack(0x000000229ae00000,0x000000229af00000) (1024K)]
  0x000001ac64436410 JavaThread "Exec process"                      [_thread_in_native, id=5724, stack(0x000000229b000000,0x000000229b100000) (1024K)]
  0x000001ac64432f90 JavaThread "pool-34-thread-1"                  [_thread_blocked, id=40228, stack(0x000000229b100000,0x000000229b200000) (1024K)]
  0x000001ac64433620 JavaThread "Exec process Thread 2"             [_thread_blocked, id=8820, stack(0x000000229b300000,0x000000229b400000) (1024K)]
  0x000001ac64436aa0 JavaThread "Exec process"                      [_thread_in_native, id=23692, stack(0x000000229b200000,0x000000229b300000) (1024K)]
  0x000001ac64433cb0 JavaThread "Exec process Thread 2"             [_thread_blocked, id=39844, stack(0x000000229b500000,0x000000229b600000) (1024K)]
  0x000001ac64437130 JavaThread "Exec process"                      [_thread_in_native, id=22244, stack(0x000000229ad00000,0x000000229ae00000) (1024K)]
  0x000001ac644384e0 JavaThread "Connection worker"                 [_thread_blocked, id=9640, stack(0x000000229af00000,0x000000229b000000) (1024K)]
  0x000001ac64437e50 JavaThread "Exec process Thread 2"             [_thread_blocked, id=47852, stack(0x000000229b600000,0x000000229b700000) (1024K)]
  0x000001ac64435060 JavaThread "Exec process"                      [_thread_in_native, id=38308, stack(0x000000229b400000,0x000000229b500000) (1024K)]
  0x000001ac64438b70 JavaThread "Timer-34"                          [_thread_blocked, id=45188, stack(0x000000229b800000,0x000000229b900000) (1024K)]
  0x000001ac6443b960 JavaThread "Exec process Thread 2"             [_thread_blocked, id=17464, stack(0x000000229bb00000,0x000000229bc00000) (1024K)]
  0x000001ac6443bff0 JavaThread "pool-35-thread-1"                  [_thread_blocked, id=39648, stack(0x000000229bc00000,0x000000229bd00000) (1024K)]
  0x000001ac644356f0 JavaThread "Worker-36: Initialize workspace"        [_thread_blocked, id=47808, stack(0x000000229b900000,0x000000229ba00000) (1024K)]
  0x000001ac64439200 JavaThread "Worker-37: Initialize workspace"        [_thread_blocked, id=39888, stack(0x000000229b700000,0x000000229b800000) (1024K)]
  0x000001ac64439f20 JavaThread "Connection worker"                 [_thread_blocked, id=1228, stack(0x000000229ba00000,0x000000229bb00000) (1024K)]
  0x000001ac64439890 JavaThread "Exec process"                      [_thread_in_native, id=44976, stack(0x000000229be00000,0x000000229bf00000) (1024K)]
  0x000001ac644377c0 JavaThread "Timer-35"                          [_thread_blocked, id=14040, stack(0x000000229bf00000,0x000000229c000000) (1024K)]
  0x000001ac6443b2d0 JavaThread "Exec process"                      [_thread_in_native, id=12464, stack(0x000000229c100000,0x000000229c200000) (1024K)]
  0x000001ac6443c680 JavaThread "pool-36-thread-1"                  [_thread_blocked, id=12692, stack(0x000000229c200000,0x000000229c300000) (1024K)]
  0x000001ac6443d3a0 JavaThread "Exec process Thread 2"             [_thread_blocked, id=5596, stack(0x000000229c400000,0x000000229c500000) (1024K)]
  0x000001ac6443da30 JavaThread "Exec process Thread 2"             [_thread_blocked, id=17468, stack(0x000000229c300000,0x000000229c400000) (1024K)]
  0x000001ac6443cd10 JavaThread "Exec process"                      [_thread_in_native, id=44112, stack(0x000000229bd00000,0x000000229be00000) (1024K)]
  0x000001ac6443e0c0 JavaThread "Exec process Thread 2"             [_thread_blocked, id=40840, stack(0x000000229c500000,0x000000229c600000) (1024K)]
  0x000001ac6443a5b0 JavaThread "Exec process"                      [_thread_in_native, id=44524, stack(0x000000229c000000,0x000000229c100000) (1024K)]
  0x000001ac6ffb70c0 JavaThread "Exec process Thread 2"             [_thread_blocked, id=29444, stack(0x000000229c700000,0x000000229c800000) (1024K)]
  0x000001ac6ffb5680 JavaThread "Connection worker"                 [_thread_blocked, id=27980, stack(0x000000229c800000,0x000000229c900000) (1024K)]
  0x000001ac643cdf80 JavaThread "Worker-38: Initialize workspace"        [_thread_blocked, id=35356, stack(0x000000229c600000,0x000000229c700000) (1024K)]
  0x000001ac67502df0 JavaThread "pool-37-thread-1"                  [_thread_blocked, id=35844, stack(0x000000229ca00000,0x000000229cb00000) (1024K)]
  0x000001ac67502760 JavaThread "Exec process"                      [_thread_in_native, id=33072, stack(0x000000229cb00000,0x000000229cc00000) (1024K)]
  0x000001ac675041a0 JavaThread "Timer-36"                          [_thread_blocked, id=34864, stack(0x000000229cc00000,0x000000229cd00000) (1024K)]
  0x000001ac67503480 JavaThread "Exec process Thread 2"             [_thread_blocked, id=23700, stack(0x000000229ce00000,0x000000229cf00000) (1024K)]
  0x000001ac67504ec0 JavaThread "Exec process"                      [_thread_in_native, id=40444, stack(0x000000229c900000,0x000000229ca00000) (1024K)]
  0x000001ac67501a40 JavaThread "Connection worker"                 [_thread_blocked, id=46116, stack(0x000000229cd00000,0x000000229ce00000) (1024K)]
  0x000001ac67503b10 JavaThread "Exec process"                      [_thread_in_native, id=31948, stack(0x000000229cf00000,0x000000229d000000) (1024K)]
  0x000001ac67504830 JavaThread "Worker-39: Initialize workspace"        [_thread_blocked, id=44464, stack(0x000000229d000000,0x000000229d100000) (1024K)]
  0x000001ac675020d0 JavaThread "Exec process Thread 2"             [_thread_blocked, id=13508, stack(0x000000229d200000,0x000000229d300000) (1024K)]
  0x000001ac675089d0 JavaThread "Exec process Thread 2"             [_thread_blocked, id=47056, stack(0x000000229d400000,0x000000229d500000) (1024K)]
  0x000001ac67506270 JavaThread "Timer-37"                          [_thread_blocked, id=46460, stack(0x000000229d500000,0x000000229d600000) (1024K)]
  0x000001ac67505550 JavaThread "pool-38-thread-1"                  [_thread_blocked, id=14860, stack(0x000000229d600000,0x000000229d700000) (1024K)]
  0x000001ac67507620 JavaThread "Exec process"                      [_thread_in_native, id=46384, stack(0x000000229d700000,0x000000229d800000) (1024K)]
  0x000001ac67508340 JavaThread "Exec process"                      [_thread_in_native, id=30684, stack(0x000000229d800000,0x000000229d900000) (1024K)]
  0x000001ac67509060 JavaThread "Exec process Thread 2"             [_thread_blocked, id=7704, stack(0x000000229da00000,0x000000229db00000) (1024K)]
  0x000001ac67505be0 JavaThread "Exec process Thread 2"             [_thread_blocked, id=45092, stack(0x000000229db00000,0x000000229dc00000) (1024K)]
  0x000001ac6750aaa0 JavaThread "Exec process"                      [_thread_in_native, id=46212, stack(0x000000229d900000,0x000000229da00000) (1024K)]
  0x000001ac675096f0 JavaThread "Exec process Thread 2"             [_thread_blocked, id=37524, stack(0x000000229df00000,0x000000229e000000) (1024K)]
  0x000001ac67509d80 JavaThread "Exec process"                      [_thread_in_native, id=32784, stack(0x000000229d100000,0x000000229d200000) (1024K)]
  0x000001ac67506900 JavaThread "Exec process Thread 2"             [_thread_blocked, id=13284, stack(0x000000229de00000,0x000000229df00000) (1024K)]
  0x000001ac67507cb0 JavaThread "Worker-40: Initialize workspace"        [_thread_blocked, id=43564, stack(0x000000229d300000,0x000000229d400000) (1024K)]
  0x000001ac6750a410 JavaThread "Connection worker"                 [_thread_blocked, id=46640, stack(0x000000229e000000,0x000000229e100000) (1024K)]
  0x000001ac6750df20 JavaThread "Exec process"                      [_thread_in_native, id=30316, stack(0x000000229e200000,0x000000229e300000) (1024K)]
  0x000001ac6750cb70 JavaThread "Timer-38"                          [_thread_blocked, id=39560, stack(0x000000229e300000,0x000000229e400000) (1024K)]
  0x000001ac6750b130 JavaThread "Exec process Thread 2"             [_thread_blocked, id=2632, stack(0x000000229e500000,0x000000229e600000) (1024K)]
  0x000001ac6750d890 JavaThread "pool-39-thread-1"                  [_thread_blocked, id=23844, stack(0x000000229e600000,0x000000229e700000) (1024K)]
  0x000001ac6750e5b0 JavaThread "Exec process"                      [_thread_in_native, id=46508, stack(0x0000002292d00000,0x0000002292e00000) (1024K)]
  0x000001ac6750d200 JavaThread "Exec process Thread 2"             [_thread_blocked, id=15956, stack(0x000000229e400000,0x000000229e500000) (1024K)]
  0x000001ac67506f90 JavaThread "Connection worker"                 [_thread_blocked, id=22516, stack(0x000000229e100000,0x000000229e200000) (1024K)]
  0x000001ac6750b7c0 JavaThread "pool-40-thread-1"                  [_thread_blocked, id=25216, stack(0x000000229e700000,0x000000229e800000) (1024K)]
  0x000001ac6750be50 JavaThread "Exec process"                      [_thread_in_native, id=42928, stack(0x000000229e800000,0x000000229e900000) (1024K)]
  0x000001ac6750f2d0 JavaThread "Exec process Thread 2"             [_thread_blocked, id=46708, stack(0x000000229ea00000,0x000000229eb00000) (1024K)]
  0x000001ac6750c4e0 JavaThread "Exec process"                      [_thread_in_native, id=13804, stack(0x000000229e900000,0x000000229ea00000) (1024K)]
  0x000001ac6750f960 JavaThread "Exec process Thread 2"             [_thread_blocked, id=47516, stack(0x000000229ed00000,0x000000229ee00000) (1024K)]
  0x000001ac67510680 JavaThread "Timer-39"                          [_thread_blocked, id=46484, stack(0x000000229ee00000,0x000000229ef00000) (1024K)]
  0x000001ac6443ac40 JavaThread "Exec process"                      [_thread_in_native, id=43660, stack(0x000000229f000000,0x000000229f100000) (1024K)]
  0x000001ac673d7360 JavaThread "Exec process Thread 2"             [_thread_blocked, id=15868, stack(0x000000229f200000,0x000000229f300000) (1024K)]
  0x000001ac673d6640 JavaThread "Exec process"                      [_thread_in_native, id=31840, stack(0x000000229f100000,0x000000229f200000) (1024K)]
  0x000001ac673d6cd0 JavaThread "Exec process"                      [_thread_in_native, id=30884, stack(0x000000229ec00000,0x000000229ed00000) (1024K)]
  0x000001ac673d79f0 JavaThread "Exec process Thread 2"             [_thread_blocked, id=41100, stack(0x000000229f300000,0x000000229f400000) (1024K)]
  0x000001ac673d4570 JavaThread "Exec process Thread 2"             [_thread_blocked, id=22468, stack(0x000000229f500000,0x000000229f600000) (1024K)]
  0x000001ac673d3ee0 JavaThread "Worker-42: Initialize workspace"        [_thread_blocked, id=44452, stack(0x000000229f600000,0x000000229f700000) (1024K)]
  0x000001ac673d8080 JavaThread "Timer-40"                          [_thread_blocked, id=46152, stack(0x000000229f800000,0x000000229f900000) (1024K)]
  0x000001ac673d5920 JavaThread "Exec process"                      [_thread_in_native, id=18700, stack(0x000000229fa00000,0x000000229fb00000) (1024K)]
  0x000001ac673d5fb0 JavaThread "Connection worker"                 [_thread_blocked, id=47076, stack(0x0000002295900000,0x0000002295a00000) (1024K)]
  0x000001ac673dbb90 JavaThread "Exec process Thread 2"             [_thread_blocked, id=24112, stack(0x000000229fd00000,0x000000229fe00000) (1024K)]
  0x000001ac673da7e0 JavaThread "Timer-41"                          [_thread_blocked, id=8540, stack(0x000000229fc00000,0x000000229fd00000) (1024K)]
  0x000001ac673e0a50 JavaThread "Timer-42"                          [_thread_blocked, id=35100, stack(0x00000022a0800000,0x00000022a0900000) (1024K)]
  0x000001ac673dc8b0 JavaThread "Worker-70: Initialize workspace"        [_thread_blocked, id=38368, stack(0x000000229fb00000,0x000000229fc00000) (1024K)]
  0x000001ac67510d10 JavaThread "Connection worker"                 [_thread_blocked, id=29904, stack(0x00000022a0a00000,0x00000022a0b00000) (1024K)]
  0x000001ac673dae70 JavaThread "Exec process"                      [_thread_in_native, id=46136, stack(0x000000229ff00000,0x00000022a0000000) (1024K)]
  0x000001ac660d53a0 JavaThread "Exec process Thread 2"             [_thread_blocked, id=44792, stack(0x00000022a1500000,0x00000022a1600000) (1024K)]
  0x000001ac673e10e0 JavaThread "pool-44-thread-1"                  [_thread_blocked, id=23232, stack(0x00000022a1400000,0x00000022a1500000) (1024K)]
  0x000001ac70b5b120 JavaThread "Exec process"                      [_thread_in_native, id=39060, stack(0x00000022a1800000,0x00000022a1900000) (1024K)]
  0x000001ac70b59050 JavaThread "Exec process Thread 2"             [_thread_blocked, id=4440, stack(0x00000022a1a00000,0x00000022a1b00000) (1024K)]
  0x000001ac70b5aa90 JavaThread "Timer-43"                          [_thread_blocked, id=22748, stack(0x00000022a1700000,0x00000022a1800000) (1024K)]
  0x000001ac70b596e0 JavaThread "Worker-80: Initialize workspace"        [_thread_blocked, id=45840, stack(0x00000022a1900000,0x00000022a1a00000) (1024K)]
  0x000001ac70b5f2c0 JavaThread "Connection worker"                 [_thread_blocked, id=45720, stack(0x00000022a2300000,0x00000022a2400000) (1024K)]
  0x000001ac70b5cb60 JavaThread "Worker-86: Initialize workspace"        [_thread_blocked, id=42088, stack(0x00000022a1f00000,0x00000022a2000000) (1024K)]
  0x000001ac70b5d1f0 JavaThread "pool-45-thread-1"                  [_thread_blocked, id=43504, stack(0x00000022a1c00000,0x00000022a1d00000) (1024K)]
  0x000001ac70b5a400 JavaThread "Exec process"                      [_thread_in_native, id=27108, stack(0x00000022a1d00000,0x00000022a1e00000) (1024K)]
  0x000001ac70b5d880 JavaThread "Exec process"                      [_thread_in_native, id=29256, stack(0x00000022a2900000,0x00000022a2a00000) (1024K)]
  0x000001ac70b5be40 JavaThread "Exec process"                      [_thread_in_native, id=31412, stack(0x00000022a1e00000,0x00000022a1f00000) (1024K)]
  0x000001ac70b60d00 JavaThread "Timer-44"                          [_thread_blocked, id=20804, stack(0x00000022a2700000,0x00000022a2800000) (1024K)]
  0x000001ac70b61a20 JavaThread "Exec process"                      [_thread_in_native, id=39172, stack(0x00000022a2b00000,0x00000022a2c00000) (1024K)]
  0x000001ac70b5c4d0 JavaThread "Exec process"                      [_thread_in_native, id=47720, stack(0x00000022a2200000,0x00000022a2300000) (1024K)]
  0x000001ac70b64180 JavaThread "Worker-94: Initialize workspace"        [_thread_blocked, id=48348, stack(0x00000022a3500000,0x00000022a3600000) (1024K)]
  0x000001ac70b5e5a0 JavaThread "Exec process"                      [_thread_in_native, id=48464, stack(0x00000022a2400000,0x00000022a2500000) (1024K)]
  0x000001ac70b61390 JavaThread "Connection worker"                 [_thread_blocked, id=48684, stack(0x00000022a2600000,0x00000022a2700000) (1024K)]
  0x000001ac70b59d70 JavaThread "Exec process Thread 2"             [_thread_blocked, id=48796, stack(0x00000022a1600000,0x00000022a1700000) (1024K)]
  0x000001ac70b64810 JavaThread "Exec process"                      [_thread_in_native, id=48840, stack(0x00000022a3000000,0x00000022a3100000) (1024K)]
  0x000001ac70b5f950 JavaThread "Exec process Thread 2"             [_thread_blocked, id=48872, stack(0x00000022a2800000,0x00000022a2900000) (1024K)]
  0x000001ac70b65530 JavaThread "Exec process Thread 2"             [_thread_blocked, id=48896, stack(0x00000022a2c00000,0x00000022a2d00000) (1024K)]
  0x000001ac70b63af0 JavaThread "Exec process Thread 2"             [_thread_blocked, id=48992, stack(0x00000022a3400000,0x00000022a3500000) (1024K)]
  0x000001ac70b67600 JavaThread "Exec process Thread 2"             [_thread_blocked, id=49040, stack(0x00000022a2f00000,0x00000022a3000000) (1024K)]
  0x000001ac637043f0 JavaThread "Exec process Thread 2"             [_thread_blocked, id=49076, stack(0x00000022a3900000,0x00000022a3a00000) (1024K)]
  0x000001ac70b64ea0 JavaThread "Exec process Thread 2"             [_thread_blocked, id=49132, stack(0x00000022a3800000,0x00000022a3900000) (1024K)]
  0x000001ac70b5ffe0 JavaThread "pool-46-thread-1"                  [_thread_blocked, id=48676, stack(0x00000022a2e00000,0x00000022a2f00000) (1024K)]
  0x000001ac70b5b7b0 JavaThread "Timer-45"                          [_thread_blocked, id=49000, stack(0x00000022a0200000,0x00000022a0300000) (1024K)]
  0x000001ac70b68320 JavaThread "Worker-101: Initialize workspace"        [_thread_blocked, id=42228, stack(0x00000022a0100000,0x00000022a0200000) (1024K)]
  0x000001ac673dcf40 JavaThread "Worker-104: Initialize workspace"        [_thread_blocked, id=48228, stack(0x000000229eb00000,0x000000229ec00000) (1024K)]
  0x000001ac673dd5d0 JavaThread "Connection worker"                 [_thread_in_native, id=48328, stack(0x000000229fe00000,0x000000229ff00000) (1024K)]
  0x000001ac673d9ac0 JavaThread "pool-47-thread-1"                  [_thread_blocked, id=48308, stack(0x00000022a0300000,0x00000022a0400000) (1024K)]
  0x000001ac673da150 JavaThread "Timer-46"                          [_thread_blocked, id=48264, stack(0x00000022a0600000,0x00000022a0700000) (1024K)]
  0x000001ac673d5290 JavaThread "Connection worker"                 [_thread_blocked, id=49036, stack(0x000000228f500000,0x000000228f600000) (1024K)]
  0x000001ac673de2f0 JavaThread "Exec process"                      [_thread_in_native, id=48892, stack(0x000000229f400000,0x000000229f500000) (1024K)]
  0x000001ac673ddc60 JavaThread "Exec process Thread 2"             [_thread_blocked, id=26456, stack(0x00000022a0500000,0x00000022a0600000) (1024K)]
  0x000001ac673de980 JavaThread "Exec process"                      [_thread_in_native, id=26564, stack(0x00000022a0400000,0x00000022a0500000) (1024K)]
  0x000001ac673dfd30 JavaThread "Exec process Thread 2"             [_thread_blocked, id=15692, stack(0x00000022a0900000,0x00000022a0a00000) (1024K)]
  0x000001ac673db500 JavaThread "Exec process"                      [_thread_in_native, id=13552, stack(0x00000022a0b00000,0x00000022a0c00000) (1024K)]
  0x000001ac673e1770 JavaThread "pool-48-thread-1"                  [_thread_blocked, id=29536, stack(0x00000022a0700000,0x00000022a0800000) (1024K)]
  0x000001ac673e1e00 JavaThread "Exec process Thread 2"             [_thread_blocked, id=23268, stack(0x00000022a0e00000,0x00000022a0f00000) (1024K)]
  0x000001ac673e2490 JavaThread "Timer-47"                          [_thread_blocked, id=48180, stack(0x00000022a0d00000,0x00000022a0e00000) (1024K)]
  0x000001ac673dc220 JavaThread "Connection worker"                 [_thread_blocked, id=44820, stack(0x00000022a0000000,0x00000022a0100000) (1024K)]
  0x000001ac673e31b0 JavaThread "Exec process"                      [_thread_in_native, id=49236, stack(0x00000022a1100000,0x00000022a1200000) (1024K)]
  0x000001ac70b620b0 JavaThread "Timer-48"                          [_thread_blocked, id=49272, stack(0x00000022a1300000,0x00000022a1400000) (1024K)]
  0x000001ac70b63460 JavaThread "Exec process Thread 2"             [_thread_blocked, id=49316, stack(0x00000022a2500000,0x00000022a2600000) (1024K)]
  0x000001ac70b5ec30 JavaThread "Worker-109: Initialize workspace"        [_thread_blocked, id=49500, stack(0x00000022a0f00000,0x00000022a1000000) (1024K)]
  0x000001ac70b65bc0 JavaThread "Connection worker"                 [_thread_blocked, id=49548, stack(0x000000229f700000,0x000000229f800000) (1024K)]
  0x000001ac70b62740 JavaThread "Connection worker"                 [_thread_blocked, id=49560, stack(0x000000229f900000,0x000000229fa00000) (1024K)]
  0x000001ac70b66250 JavaThread "pool-50-thread-1"                  [_thread_blocked, id=49608, stack(0x00000022a1000000,0x00000022a1100000) (1024K)]
  0x000001ac70b67c90 JavaThread "Timer-49"                          [_thread_blocked, id=49800, stack(0x00000022a2000000,0x00000022a2100000) (1024K)]
  0x000001ac673d8710 JavaThread "Worker-116: Initialize workspace"        [_thread_blocked, id=49864, stack(0x00000022a2d00000,0x00000022a2e00000) (1024K)]
  0x000001ac673df010 JavaThread "Connection worker"                 [_thread_blocked, id=50012, stack(0x00000022a1b00000,0x00000022a1c00000) (1024K)]
  0x000001ac673d9430 JavaThread "pool-51-thread-1"                  [_thread_blocked, id=50068, stack(0x0000002294700000,0x0000002294800000) (1024K)]
  0x000001ac673e2b20 JavaThread "Exec process"                      [_thread_in_native, id=49208, stack(0x00000022a2a00000,0x00000022a2b00000) (1024K)]
  0x000001ac70b66f70 JavaThread "Exec process Thread 2"             [_thread_blocked, id=46452, stack(0x00000022a3200000,0x00000022a3300000) (1024K)]
  0x000001ac6750ec40 JavaThread "Exec process"                      [_thread_in_native, id=48156, stack(0x00000022a3600000,0x00000022a3700000) (1024K)]
  0x000001ac65fbfed0 JavaThread "Exec process Thread 2"             [_thread_blocked, id=13392, stack(0x00000022a3a00000,0x00000022a3b00000) (1024K)]
  0x000001ac65fc1fa0 JavaThread "Timer-50"                          [_thread_blocked, id=48920, stack(0x00000022a3b00000,0x00000022a3c00000) (1024K)]
  0x000001ac65fc0bf0 JavaThread "Exec process"                      [_thread_in_native, id=49540, stack(0x00000022a3c00000,0x00000022a3d00000) (1024K)]
  0x000001ac65fc1910 JavaThread "Exec process Thread 2"             [_thread_blocked, id=49764, stack(0x00000022a3e00000,0x00000022a3f00000) (1024K)]
  0x000001ac65fbeb20 JavaThread "Worker-129: Initialize workspace"        [_thread_blocked, id=50164, stack(0x00000022a3100000,0x00000022a3200000) (1024K)]
  0x000001ac65fc1280 JavaThread "Exec process"                      [_thread_in_native, id=50040, stack(0x00000022a3700000,0x00000022a3800000) (1024K)]
  0x000001ac65fc2630 JavaThread "Connection worker"                 [_thread_blocked, id=50036, stack(0x00000022a3d00000,0x00000022a3e00000) (1024K)]
  0x000001ac65fc2cc0 JavaThread "Exec process Thread 2"             [_thread_blocked, id=18236, stack(0x00000022a4000000,0x00000022a4100000) (1024K)]
  0x000001ac65fbf840 JavaThread "pool-52-thread-1"                  [_thread_blocked, id=21768, stack(0x00000022a3300000,0x00000022a3400000) (1024K)]
  0x000001ac65fbf1b0 JavaThread "Exec process"                      [_thread_in_native, id=49200, stack(0x00000022a3f00000,0x00000022a4000000) (1024K)]
  0x000001ac65fc39e0 JavaThread "Exec process Thread 2"             [_thread_blocked, id=50136, stack(0x00000022a4200000,0x00000022a4300000) (1024K)]
  0x000001ac65fc67d0 JavaThread "Timer-51"                          [_thread_blocked, id=49164, stack(0x00000022a4400000,0x00000022a4500000) (1024K)]
  0x000001ac65fc3350 JavaThread "Connection worker"                 [_thread_in_native, id=50256, stack(0x00000022a4100000,0x00000022a4200000) (1024K)]
  0x000001ac65fc0560 JavaThread "pool-53-thread-1"                  [_thread_blocked, id=50304, stack(0x00000022a4300000,0x00000022a4400000) (1024K)]
  0x000001ac65fc4d90 JavaThread "Exec process"                      [_thread_in_native, id=50320, stack(0x00000022a4500000,0x00000022a4600000) (1024K)]
  0x000001ac65fc4700 JavaThread "Exec process Thread 2"             [_thread_blocked, id=50336, stack(0x00000022a4700000,0x00000022a4800000) (1024K)]
  0x000001ac65fc6e60 JavaThread "Worker-144: Initialize workspace"        [_thread_blocked, id=50464, stack(0x00000022a4600000,0x00000022a4700000) (1024K)]
  0x000001ac65fc74f0 JavaThread "Timer-52"                          [_thread_blocked, id=50748, stack(0x00000022a4900000,0x00000022a4a00000) (1024K)]
  0x000001ac65fc88a0 JavaThread "Worker-150: Initialize workspace"        [_thread_blocked, id=50864, stack(0x00000022a2100000,0x00000022a2200000) (1024K)]
  0x000001ac65fc4070 JavaThread "Connection worker"                 [_thread_blocked, id=50948, stack(0x00000022a4800000,0x00000022a4900000) (1024K)]
  0x000001ac65fc7b80 JavaThread "pool-54-thread-1"                  [_thread_blocked, id=51116, stack(0x000000228ec00000,0x000000228ed00000) (1024K)]
  0x000001ac65fc6140 JavaThread "Exec process"                      [_thread_in_native, id=51136, stack(0x00000022a4b00000,0x00000022a4c00000) (1024K)]
  0x000001ac65fc8f30 JavaThread "Timer-53"                          [_thread_blocked, id=51148, stack(0x00000022a4c00000,0x00000022a4d00000) (1024K)]
  0x000001ac65fc95c0 JavaThread "Exec process Thread 2"             [_thread_blocked, id=51160, stack(0x00000022a4f00000,0x00000022a5000000) (1024K)]
  0x000001ac65fca2e0 JavaThread "Connection worker"                 [_thread_in_native, id=49820, stack(0x00000022a0c00000,0x00000022a0d00000) (1024K)]
  0x000001ac65fc5420 JavaThread "Worker-166: Initialize workspace"        [_thread_blocked, id=45736, stack(0x00000022a1200000,0x00000022a1300000) (1024K)]
  0x000001ac70abaa70 JavaThread "C1 CompilerThread1"         daemon [_thread_blocked, id=50868, stack(0x00000022a4d00000,0x00000022a4e00000) (1024K)]
  0x000001ac65fc5ab0 JavaThread "Connection worker"                 [_thread_blocked, id=51008, stack(0x000000229a000000,0x000000229a100000) (1024K)]
  0x000001ac65fca970 JavaThread "Worker-173: Initialize Workspace"        [_thread_blocked, id=51016, stack(0x000000229a400000,0x000000229a500000) (1024K)]
  0x000001ac65fc8210 JavaThread "ProjectImportProgressReporter" daemon [_thread_blocked, id=51028, stack(0x000000229ef00000,0x000000229f000000) (1024K)]
  0x000001ac65fc9c50 JavaThread "pool-55-thread-1"                  [_thread_blocked, id=48148, stack(0x0000002299d00000,0x0000002299e00000) (1024K)]
  0x000001ac65fcb000 JavaThread "Timer-54"                          [_thread_blocked, id=45232, stack(0x000000229aa00000,0x000000229ab00000) (1024K)]
  0x000001ac65fcca40 JavaThread "Connection worker"                 [_thread_blocked, id=50712, stack(0x00000022a4a00000,0x00000022a4b00000) (1024K)]
Total: 345

Other Threads:
  0x000001ac5c9768e0 VMThread "VM Thread"                           [id=27532, stack(0x000000228e200000,0x000000228e300000) (1024K)]
  0x000001ac5b45cb20 WatcherThread "VM Periodic Task Thread"        [id=42200, stack(0x000000228e100000,0x000000228e200000) (1024K)]
  0x000001ac44aea290 WorkerThread "GC Thread#0"                     [id=39000, stack(0x000000228e000000,0x000000228e100000) (1024K)]
  0x000001ac631d11c0 WorkerThread "GC Thread#1"                     [id=45532, stack(0x000000228ee00000,0x000000228ef00000) (1024K)]
  0x000001ac631d30b0 WorkerThread "GC Thread#2"                     [id=45528, stack(0x000000228ef00000,0x000000228f000000) (1024K)]
  0x000001ac63303fd0 WorkerThread "GC Thread#3"                     [id=15496, stack(0x000000228f000000,0x000000228f100000) (1024K)]
  0x000001ac631cfce0 WorkerThread "GC Thread#4"                     [id=39128, stack(0x000000228f100000,0x000000228f200000) (1024K)]
  0x000001ac631d0090 WorkerThread "GC Thread#5"                     [id=47224, stack(0x000000228f200000,0x000000228f300000) (1024K)]
  0x000001ac631d0850 WorkerThread "GC Thread#6"                     [id=46444, stack(0x000000228f300000,0x000000228f400000) (1024K)]
  0x000001ac6389fb90 WorkerThread "GC Thread#7"                     [id=9468, stack(0x000000228f700000,0x000000228f800000) (1024K)]
  0x000001ac638b2040 WorkerThread "GC Thread#8"                     [id=46352, stack(0x000000228f600000,0x000000228f700000) (1024K)]
  0x000001ac638cf0e0 WorkerThread "GC Thread#9"                     [id=38408, stack(0x000000228fb00000,0x000000228fc00000) (1024K)]
  0x000001ac639259a0 WorkerThread "GC Thread#10"                    [id=33616, stack(0x000000228fc00000,0x000000228fd00000) (1024K)]
  0x000001ac63d719a0 WorkerThread "GC Thread#11"                    [id=45520, stack(0x000000228ff00000,0x0000002290000000) (1024K)]
  0x000001ac63d27040 WorkerThread "GC Thread#12"                    [id=27852, stack(0x0000002290000000,0x0000002290100000) (1024K)]
  0x000001ac63c07af0 WorkerThread "GC Thread#13"                    [id=29800, stack(0x0000002290100000,0x0000002290200000) (1024K)]
  0x000001ac5c9d7a80 WorkerThread "GC Thread#14"                    [id=46896, stack(0x0000002290600000,0x0000002290700000) (1024K)]
Total: 17

Threads with active compile tasks:
C2 CompilerThread0  53849 15477       4       java.lang.reflect.Field::set (43 bytes)
Total: 1

VM state: at safepoint (normal execution)

VM Mutex/Monitor currently owned by a thread:  ([mutex/lock_event])
[0x00007ffd2dedf5b0] Threads_lock - owner thread: 0x000001ac5c9768e0
[0x00007ffd2dedf6b0] Heap_lock - owner thread: 0x000001ac65fcca40
[0x00007ffd2dedfb30] PSOldGenExpand_lock - owner thread: 0x000001ac63303fd0

Heap address: 0x0000000080000000, size: 2048 MB, Compressed Oops mode: 32-bit

CDS archive(s) mapped at: [0x000001ac00000000-0x000001ac00ba0000-0x000001ac00ba0000), size 12189696, SharedBaseAddress: 0x000001ac00000000, ArchiveRelocationMode: 1.
Compressed class space mapped at: 0x000001ac01000000-0x000001ac41000000, reserved size: 1073741824
Narrow klass base: 0x000001ac00000000, Narrow klass shift: 0, Narrow klass range: 0x100000000

GC Precious Log:
 CardTable entry size: 512
 CPUs: 20 total, 20 available
 Memory: 16068M
 Large Page Support: Disabled
 NUMA Support: Disabled
 Compressed Oops: Enabled (32-bit)
 Alignments: Space 512K, Generation 512K, Heap 2M
 Heap Min Capacity: 100M
 Heap Initial Capacity: 100M
 Heap Max Capacity: 2G
 Pre-touch: Disabled
 Parallel Workers: 15

Heap:
 PSYoungGen      total 5120K, used 4576K [0x00000000d5580000, 0x00000000d5c80000, 0x0000000100000000)
  eden space 4096K, 100% used [0x00000000d5580000,0x00000000d5980000,0x00000000d5980000)
  from space 1024K, 46% used [0x00000000d5a80000,0x00000000d5af8000,0x00000000d5b80000)
  to   space 1024K, 62% used [0x00000000d5b80000,0x00000000d5c1ff40,0x00000000d5c80000)
 ParOldGen       total 139776K, used 139772K [0x0000000080000000, 0x0000000088880000, 0x00000000d5580000)
  object space 139776K, 99% used [0x0000000080000000,0x000000008887f260,0x0000000088880000)
 Metaspace       used 73020K, committed 74880K, reserved 1179648K
  class space    used 8417K, committed 9216K, reserved 1048576K

Card table byte_map: [0x000001ac44470000,0x000001ac44880000] _byte_map_base: 0x000001ac44070000

Marking Bits: (ParMarkBitMap*) 0x00007ffd2dee44a0
 Begin Bits: [0x000001ac56f80000, 0x000001ac58f80000)
 End Bits:   [0x000001ac58f80000, 0x000001ac5af80000)

Polling page: 0x000001ac42640000

Metaspace:

Usage:
  Non-class:     63.09 MB used.
      Class:      8.22 MB used.
       Both:     71.31 MB used.

Virtual space:
  Non-class space:      128.00 MB reserved,      64.12 MB ( 50%) committed,  2 nodes.
      Class space:        1.00 GB reserved,       9.00 MB ( <1%) committed,  1 nodes.
             Both:        1.12 GB reserved,      73.12 MB (  6%) committed. 

Chunk freelists:
   Non-Class:  15.03 MB
       Class:  6.88 MB
        Both:  21.91 MB

MaxMetaspaceSize: unlimited
CompressedClassSpaceSize: 1.00 GB
Initial GC threshold: 21.00 MB
Current GC threshold: 97.31 MB
CDS: on
 - commit_granule_bytes: 65536.
 - commit_granule_words: 8192.
 - virtual_space_node_default_size: 8388608.
 - enlarge_chunks_in_place: 1.
 - use_allocation_guard: 0.


Internal statistics:

num_allocs_failed_limit: 9.
num_arena_births: 2208.
num_arena_deaths: 70.
num_vsnodes_births: 3.
num_vsnodes_deaths: 0.
num_space_committed: 1170.
num_space_uncommitted: 0.
num_chunks_returned_to_freelist: 100.
num_chunks_taken_from_freelist: 5545.
num_chunk_merges: 20.
num_chunk_splits: 3365.
num_chunks_enlarged: 1807.
num_inconsistent_stats: 0.

CodeHeap 'non-profiled nmethods': size=119168Kb used=8677Kb max_used=8677Kb free=110490Kb
 bounds [0x000001ac4f870000, 0x000001ac500f0000, 0x000001ac56cd0000]
CodeHeap 'profiled nmethods': size=119104Kb used=30982Kb max_used=30982Kb free=88121Kb
 bounds [0x000001ac47cd0000, 0x000001ac49b20000, 0x000001ac4f120000]
CodeHeap 'non-nmethods': size=7488Kb used=2011Kb max_used=2613Kb free=5476Kb
 bounds [0x000001ac4f120000, 0x000001ac4f3c0000, 0x000001ac4f870000]
CodeCache: size=245760Kb, used=41670Kb, max_used=42272Kb, free=204087Kb
 total_blobs=15535, nmethods=14773, adapters=667, full_count=0
Compilation: enabled, stopped_count=0, restarted_count=0

Compilation events (20 events):
Event: 52.442 Thread 0x000001ac5c97f750 nmethod 15470 0x000001ac500e1610 code [0x000001ac500e1860, 0x000001ac500e2588]
Event: 52.443 Thread 0x000001ac5c97f750 15468       4       java.util.regex.Pattern::compile (537 bytes)
Event: 52.462 Thread 0x000001ac70abaa70 15472   !   3       java.nio.file.Files::walkFileTree (297 bytes)
Event: 52.463 Thread 0x000001ac70abaa70 nmethod 15472 0x000001ac49b0db10 code [0x000001ac49b0df60, 0x000001ac49b10180]
Event: 52.484 Thread 0x000001ac5c97f750 nmethod 15468 0x000001ac500e3090 code [0x000001ac500e3420, 0x000001ac500e5170]
Event: 52.484 Thread 0x000001ac5c97f750 15473       4       java.lang.String::codePointAt (50 bytes)
Event: 52.485 Thread 0x000001ac5c97f750 nmethod 15473 0x000001ac500e6110 code [0x000001ac500e62c0, 0x000001ac500e6448]
Event: 52.485 Thread 0x000001ac5c97f750 15428       4       org.eclipse.jdt.internal.core.OverflowingLRUCache::privateRemoveEntry (140 bytes)
Event: 52.486 Thread 0x000001ac5c97f750 nmethod 15428 0x000001ac500e6610 code [0x000001ac500e67a0, 0x000001ac500e68c8]
Event: 52.486 Thread 0x000001ac5c97f750 15457       4       java.lang.invoke.BoundMethodHandle$Species_LL::make (12 bytes)
Event: 52.488 Thread 0x000001ac5c97f750 nmethod 15457 0x000001ac500e6a10 code [0x000001ac500e6bc0, 0x000001ac500e6e40]
Event: 52.488 Thread 0x000001ac5c97f750 15429       4       org.eclipse.jdt.internal.core.util.LRUCache::get (28 bytes)
Event: 52.495 Thread 0x000001ac5c97f750 nmethod 15429 0x000001ac500e7110 code [0x000001ac500e7340, 0x000001ac500e7f80]
Event: 52.511 Thread 0x000001ac5c97f750 15474       4       java.io.File::getName (42 bytes)
Event: 52.515 Thread 0x000001ac5c97f750 nmethod 15474 0x000001ac500e8490 code [0x000001ac500e8660, 0x000001ac500e8c30]
Event: 52.516 Thread 0x000001ac5c97f750 15475       4       java.util.stream.AbstractPipeline::evaluate (94 bytes)
Event: 52.517 Thread 0x000001ac5c97f750 nmethod 15475 0x000001ac500e9090 code [0x000001ac500e9240, 0x000001ac500e9440]
Event: 52.542 Thread 0x000001ac5c986640 15476       3       org.gradle.internal.stream.EncodedStream$EncodedInput::read (48 bytes)
Event: 52.542 Thread 0x000001ac5c986640 nmethod 15476 0x000001ac49b11110 code [0x000001ac49b11320, 0x000001ac49b117a0]
Event: 52.589 Thread 0x000001ac5c97f750 15477       4       java.lang.reflect.Field::set (43 bytes)

GC Heap History (20 events):
Event: 48.218 GC heap before
{Heap before GC invocations=233 (full 3):
 PSYoungGen      total 3584K, used 3275K [0x00000000d5580000, 0x00000000d5c80000, 0x0000000100000000)
  eden space 2560K, 99% used [0x00000000d5580000,0x00000000d57fad50,0x00000000d5800000)
  from space 1024K, 71% used [0x00000000d5800000,0x00000000d58b8000,0x00000000d5900000)
  to   space 2048K, 0% used [0x00000000d5a80000,0x00000000d5a80000,0x00000000d5c80000)
 ParOldGen       total 137216K, used 136822K [0x0000000080000000, 0x0000000088600000, 0x00000000d5580000)
  object space 137216K, 99% used [0x0000000080000000,0x000000008859da00,0x0000000088600000)
 Metaspace       used 71458K, committed 73280K, reserved 1114112K
  class space    used 8222K, committed 9024K, reserved 1048576K
}
Event: 49.221 GC heap after
{Heap after GC invocations=233 (full 3):
 PSYoungGen      total 4096K, used 677K [0x00000000d5580000, 0x00000000d5b80000, 0x0000000100000000)
  eden space 3072K, 0% used [0x00000000d5580000,0x00000000d5580000,0x00000000d5880000)
  from space 1024K, 66% used [0x00000000d5a80000,0x00000000d5b29470,0x00000000d5b80000)
  to   space 1024K, 0% used [0x00000000d5980000,0x00000000d5980000,0x00000000d5a80000)
 ParOldGen       total 137728K, used 137326K [0x0000000080000000, 0x0000000088680000, 0x00000000d5580000)
  object space 137728K, 99% used [0x0000000080000000,0x000000008861ba00,0x0000000088680000)
 Metaspace       used 71458K, committed 73280K, reserved 1114112K
  class space    used 8222K, committed 9024K, reserved 1048576K
}
Event: 49.419 GC heap before
{Heap before GC invocations=234 (full 3):
 PSYoungGen      total 4096K, used 3749K [0x00000000d5580000, 0x00000000d5b80000, 0x0000000100000000)
  eden space 3072K, 100% used [0x00000000d5580000,0x00000000d5880000,0x00000000d5880000)
  from space 1024K, 66% used [0x00000000d5a80000,0x00000000d5b29470,0x00000000d5b80000)
  to   space 1024K, 0% used [0x00000000d5980000,0x00000000d5980000,0x00000000d5a80000)
 ParOldGen       total 137728K, used 137326K [0x0000000080000000, 0x0000000088680000, 0x00000000d5580000)
  object space 137728K, 99% used [0x0000000080000000,0x000000008861ba00,0x0000000088680000)
 Metaspace       used 71637K, committed 73472K, reserved 1114112K
  class space    used 8252K, committed 9024K, reserved 1048576K
}
Event: 49.434 GC heap after
{Heap after GC invocations=234 (full 3):
 PSYoungGen      total 5120K, used 800K [0x00000000d5580000, 0x00000000d5b80000, 0x0000000100000000)
  eden space 4096K, 0% used [0x00000000d5580000,0x00000000d5580000,0x00000000d5980000)
  from space 1024K, 78% used [0x00000000d5980000,0x00000000d5a48000,0x00000000d5a80000)
  to   space 1024K, 0% used [0x00000000d5a80000,0x00000000d5a80000,0x00000000d5b80000)
 ParOldGen       total 137728K, used 137438K [0x0000000080000000, 0x0000000088680000, 0x00000000d5580000)
  object space 137728K, 99% used [0x0000000080000000,0x0000000088637a00,0x0000000088680000)
 Metaspace       used 71637K, committed 73472K, reserved 1114112K
  class space    used 8252K, committed 9024K, reserved 1048576K
}
Event: 49.771 GC heap before
{Heap before GC invocations=235 (full 3):
 PSYoungGen      total 5120K, used 4895K [0x00000000d5580000, 0x00000000d5b80000, 0x0000000100000000)
  eden space 4096K, 99% used [0x00000000d5580000,0x00000000d597fee0,0x00000000d5980000)
  from space 1024K, 78% used [0x00000000d5980000,0x00000000d5a48000,0x00000000d5a80000)
  to   space 1024K, 0% used [0x00000000d5a80000,0x00000000d5a80000,0x00000000d5b80000)
 ParOldGen       total 137728K, used 137438K [0x0000000080000000, 0x0000000088680000, 0x00000000d5580000)
  object space 137728K, 99% used [0x0000000080000000,0x0000000088637a00,0x0000000088680000)
 Metaspace       used 71906K, committed 73792K, reserved 1179648K
  class space    used 8285K, committed 9088K, reserved 1048576K
}
Event: 50.201 GC heap after
{Heap after GC invocations=235 (full 3):
 PSYoungGen      total 5120K, used 512K [0x00000000d5580000, 0x00000000d5c80000, 0x0000000100000000)
  eden space 4096K, 0% used [0x00000000d5580000,0x00000000d5580000,0x00000000d5980000)
  from space 1024K, 50% used [0x00000000d5a80000,0x00000000d5b00000,0x00000000d5b80000)
  to   space 1024K, 0% used [0x00000000d5980000,0x00000000d5980000,0x00000000d5a80000)
 ParOldGen       total 138240K, used 137758K [0x0000000080000000, 0x0000000088700000, 0x00000000d5580000)
  object space 138240K, 99% used [0x0000000080000000,0x0000000088687a10,0x0000000088700000)
 Metaspace       used 71906K, committed 73792K, reserved 1179648K
  class space    used 8285K, committed 9088K, reserved 1048576K
}
Event: 50.416 GC heap before
{Heap before GC invocations=236 (full 3):
 PSYoungGen      total 5120K, used 4608K [0x00000000d5580000, 0x00000000d5c80000, 0x0000000100000000)
  eden space 4096K, 100% used [0x00000000d5580000,0x00000000d5980000,0x00000000d5980000)
  from space 1024K, 50% used [0x00000000d5a80000,0x00000000d5b00000,0x00000000d5b80000)
  to   space 1024K, 0% used [0x00000000d5980000,0x00000000d5980000,0x00000000d5a80000)
 ParOldGen       total 138240K, used 137758K [0x0000000080000000, 0x0000000088700000, 0x00000000d5580000)
  object space 138240K, 99% used [0x0000000080000000,0x0000000088687a10,0x0000000088700000)
 Metaspace       used 72326K, committed 74176K, reserved 1179648K
  class space    used 8349K, committed 9152K, reserved 1048576K
}
Event: 50.418 GC heap after
{Heap after GC invocations=236 (full 3):
 PSYoungGen      total 5120K, used 416K [0x00000000d5580000, 0x00000000d5b80000, 0x0000000100000000)
  eden space 4096K, 0% used [0x00000000d5580000,0x00000000d5580000,0x00000000d5980000)
  from space 1024K, 40% used [0x00000000d5980000,0x00000000d59e8000,0x00000000d5a80000)
  to   space 512K, 0% used [0x00000000d5b00000,0x00000000d5b00000,0x00000000d5b80000)
 ParOldGen       total 138240K, used 137917K [0x0000000080000000, 0x0000000088700000, 0x00000000d5580000)
  object space 138240K, 99% used [0x0000000080000000,0x00000000886af720,0x0000000088700000)
 Metaspace       used 72326K, committed 74176K, reserved 1179648K
  class space    used 8349K, committed 9152K, reserved 1048576K
}
Event: 50.822 GC heap before
{Heap before GC invocations=237 (full 3):
 PSYoungGen      total 5120K, used 4512K [0x00000000d5580000, 0x00000000d5b80000, 0x0000000100000000)
  eden space 4096K, 100% used [0x00000000d5580000,0x00000000d5980000,0x00000000d5980000)
  from space 1024K, 40% used [0x00000000d5980000,0x00000000d59e8000,0x00000000d5a80000)
  to   space 512K, 0% used [0x00000000d5b00000,0x00000000d5b00000,0x00000000d5b80000)
 ParOldGen       total 138240K, used 137917K [0x0000000080000000, 0x0000000088700000, 0x00000000d5580000)
  object space 138240K, 99% used [0x0000000080000000,0x00000000886af720,0x0000000088700000)
 Metaspace       used 72534K, committed 74432K, reserved 1179648K
  class space    used 8361K, committed 9216K, reserved 1048576K
}
Event: 50.825 GC heap after
{Heap after GC invocations=237 (full 3):
 PSYoungGen      total 4608K, used 502K [0x00000000d5580000, 0x00000000d5b80000, 0x0000000100000000)
  eden space 4096K, 0% used [0x00000000d5580000,0x00000000d5580000,0x00000000d5980000)
  from space 512K, 98% used [0x00000000d5b00000,0x00000000d5b7daa0,0x00000000d5b80000)
  to   space 1024K, 0% used [0x00000000d5980000,0x00000000d5980000,0x00000000d5a80000)
 ParOldGen       total 138240K, used 138067K [0x0000000080000000, 0x0000000088700000, 0x00000000d5580000)
  object space 138240K, 99% used [0x0000000080000000,0x00000000886d4c58,0x0000000088700000)
 Metaspace       used 72534K, committed 74432K, reserved 1179648K
  class space    used 8361K, committed 9216K, reserved 1048576K
}
Event: 51.267 GC heap before
{Heap before GC invocations=238 (full 3):
 PSYoungGen      total 4608K, used 4598K [0x00000000d5580000, 0x00000000d5b80000, 0x0000000100000000)
  eden space 4096K, 100% used [0x00000000d5580000,0x00000000d5980000,0x00000000d5980000)
  from space 512K, 98% used [0x00000000d5b00000,0x00000000d5b7daa0,0x00000000d5b80000)
  to   space 1024K, 0% used [0x00000000d5980000,0x00000000d5980000,0x00000000d5a80000)
 ParOldGen       total 138240K, used 138067K [0x0000000080000000, 0x0000000088700000, 0x00000000d5580000)
  object space 138240K, 99% used [0x0000000080000000,0x00000000886d4c58,0x0000000088700000)
 Metaspace       used 72543K, committed 74432K, reserved 1179648K
  class space    used 8361K, committed 9216K, reserved 1048576K
}
Event: 51.270 GC heap after
{Heap after GC invocations=238 (full 3):
 PSYoungGen      total 5120K, used 883K [0x00000000d5580000, 0x00000000d5b80000, 0x0000000100000000)
  eden space 4096K, 0% used [0x00000000d5580000,0x00000000d5580000,0x00000000d5980000)
  from space 1024K, 86% used [0x00000000d5980000,0x00000000d5a5cca0,0x00000000d5a80000)
  to   space 1024K, 0% used [0x00000000d5a80000,0x00000000d5a80000,0x00000000d5b80000)
 ParOldGen       total 138752K, used 138368K [0x0000000080000000, 0x0000000088780000, 0x00000000d5580000)
  object space 138752K, 99% used [0x0000000080000000,0x0000000088720200,0x0000000088780000)
 Metaspace       used 72543K, committed 74432K, reserved 1179648K
  class space    used 8361K, committed 9216K, reserved 1048576K
}
Event: 51.511 GC heap before
{Heap before GC invocations=239 (full 3):
 PSYoungGen      total 5120K, used 4978K [0x00000000d5580000, 0x00000000d5b80000, 0x0000000100000000)
  eden space 4096K, 99% used [0x00000000d5580000,0x00000000d597fed0,0x00000000d5980000)
  from space 1024K, 86% used [0x00000000d5980000,0x00000000d5a5cca0,0x00000000d5a80000)
  to   space 1024K, 0% used [0x00000000d5a80000,0x00000000d5a80000,0x00000000d5b80000)
 ParOldGen       total 138752K, used 138368K [0x0000000080000000, 0x0000000088780000, 0x00000000d5580000)
  object space 138752K, 99% used [0x0000000080000000,0x0000000088720200,0x0000000088780000)
 Metaspace       used 72563K, committed 74496K, reserved 1179648K
  class space    used 8363K, committed 9216K, reserved 1048576K
}
Event: 51.513 GC heap after
{Heap after GC invocations=239 (full 3):
 PSYoungGen      total 5120K, used 416K [0x00000000d5580000, 0x00000000d5b80000, 0x0000000100000000)
  eden space 4096K, 0% used [0x00000000d5580000,0x00000000d5580000,0x00000000d5980000)
  from space 1024K, 40% used [0x00000000d5a80000,0x00000000d5ae8000,0x00000000d5b80000)
  to   space 1024K, 0% used [0x00000000d5980000,0x00000000d5980000,0x00000000d5a80000)
 ParOldGen       total 138752K, used 138520K [0x0000000080000000, 0x0000000088780000, 0x00000000d5580000)
  object space 138752K, 99% used [0x0000000080000000,0x0000000088746200,0x0000000088780000)
 Metaspace       used 72563K, committed 74496K, reserved 1179648K
  class space    used 8363K, committed 9216K, reserved 1048576K
}
Event: 51.689 GC heap before
{Heap before GC invocations=240 (full 3):
 PSYoungGen      total 5120K, used 4512K [0x00000000d5580000, 0x00000000d5b80000, 0x0000000100000000)
  eden space 4096K, 100% used [0x00000000d5580000,0x00000000d5980000,0x00000000d5980000)
  from space 1024K, 40% used [0x00000000d5a80000,0x00000000d5ae8000,0x00000000d5b80000)
  to   space 1024K, 0% used [0x00000000d5980000,0x00000000d5980000,0x00000000d5a80000)
 ParOldGen       total 138752K, used 138520K [0x0000000080000000, 0x0000000088780000, 0x00000000d5580000)
  object space 138752K, 99% used [0x0000000080000000,0x0000000088746200,0x0000000088780000)
 Metaspace       used 72575K, committed 74496K, reserved 1179648K
  class space    used 8363K, committed 9216K, reserved 1048576K
}
Event: 51.692 GC heap after
{Heap after GC invocations=240 (full 3):
 PSYoungGen      total 5120K, used 1022K [0x00000000d5580000, 0x00000000d5e80000, 0x0000000100000000)
  eden space 4096K, 0% used [0x00000000d5580000,0x00000000d5580000,0x00000000d5980000)
  from space 1024K, 99% used [0x00000000d5980000,0x00000000d5a7f960,0x00000000d5a80000)
  to   space 2560K, 0% used [0x00000000d5c00000,0x00000000d5c00000,0x00000000d5e80000)
 ParOldGen       total 139776K, used 139440K [0x0000000080000000, 0x0000000088880000, 0x00000000d5580000)
  object space 139776K, 99% used [0x0000000080000000,0x000000008882c210,0x0000000088880000)
 Metaspace       used 72575K, committed 74496K, reserved 1179648K
  class space    used 8363K, committed 9216K, reserved 1048576K
}
Event: 51.798 GC heap before
{Heap before GC invocations=241 (full 3):
 PSYoungGen      total 5120K, used 5118K [0x00000000d5580000, 0x00000000d5e80000, 0x0000000100000000)
  eden space 4096K, 100% used [0x00000000d5580000,0x00000000d5980000,0x00000000d5980000)
  from space 1024K, 99% used [0x00000000d5980000,0x00000000d5a7f960,0x00000000d5a80000)
  to   space 2560K, 0% used [0x00000000d5c00000,0x00000000d5c00000,0x00000000d5e80000)
 ParOldGen       total 139776K, used 139440K [0x0000000080000000, 0x0000000088880000, 0x00000000d5580000)
  object space 139776K, 99% used [0x0000000080000000,0x000000008882c210,0x0000000088880000)
 Metaspace       used 72576K, committed 74496K, reserved 1179648K
  class space    used 8363K, committed 9216K, reserved 1048576K
}
Event: 51.800 GC heap after
{Heap after GC invocations=241 (full 3):
 PSYoungGen      total 4608K, used 480K [0x00000000d5580000, 0x00000000d5c80000, 0x0000000100000000)
  eden space 4096K, 0% used [0x00000000d5580000,0x00000000d5580000,0x00000000d5980000)
  from space 512K, 93% used [0x00000000d5c00000,0x00000000d5c78020,0x00000000d5c80000)
  to   space 1024K, 0% used [0x00000000d5a80000,0x00000000d5a80000,0x00000000d5b80000)
 ParOldGen       total 139776K, used 139568K [0x0000000080000000, 0x0000000088880000, 0x00000000d5580000)
  object space 139776K, 99% used [0x0000000080000000,0x000000008884c220,0x0000000088880000)
 Metaspace       used 72576K, committed 74496K, reserved 1179648K
  class space    used 8363K, committed 9216K, reserved 1048576K
}
Event: 52.476 GC heap before
{Heap before GC invocations=242 (full 3):
 PSYoungGen      total 4608K, used 4576K [0x00000000d5580000, 0x00000000d5c80000, 0x0000000100000000)
  eden space 4096K, 100% used [0x00000000d5580000,0x00000000d5980000,0x00000000d5980000)
  from space 512K, 93% used [0x00000000d5c00000,0x00000000d5c78020,0x00000000d5c80000)
  to   space 1024K, 0% used [0x00000000d5a80000,0x00000000d5a80000,0x00000000d5b80000)
 ParOldGen       total 139776K, used 139568K [0x0000000080000000, 0x0000000088880000, 0x00000000d5580000)
  object space 139776K, 99% used [0x0000000080000000,0x000000008884c220,0x0000000088880000)
 Metaspace       used 72636K, committed 74496K, reserved 1179648K
  class space    used 8371K, committed 9216K, reserved 1048576K
}
Event: 52.477 GC heap after
{Heap after GC invocations=242 (full 3):
 PSYoungGen      total 5120K, used 480K [0x00000000d5580000, 0x00000000d5c80000, 0x0000000100000000)
  eden space 4096K, 0% used [0x00000000d5580000,0x00000000d5580000,0x00000000d5980000)
  from space 1024K, 46% used [0x00000000d5a80000,0x00000000d5af8000,0x00000000d5b80000)
  to   space 1024K, 0% used [0x00000000d5b80000,0x00000000d5b80000,0x00000000d5c80000)
 ParOldGen       total 139776K, used 139680K [0x0000000080000000, 0x0000000088880000, 0x00000000d5580000)
  object space 139776K, 99% used [0x0000000080000000,0x0000000088868240,0x0000000088880000)
 Metaspace       used 72636K, committed 74496K, reserved 1179648K
  class space    used 8371K, committed 9216K, reserved 1048576K
}

Dll operation events (20 events):
Event: 0.692 Attempting to load shared library C:\Users\HS-KOO\.vscode\extensions\redhat.java-1.56.0-win32-x64\jre\21.0.12.1-win32-x86_64\bin\zip.dll
Event: 0.692 Loaded shared library C:\Users\HS-KOO\.vscode\extensions\redhat.java-1.56.0-win32-x64\jre\21.0.12.1-win32-x86_64\bin\zip.dll
Event: 0.769 Attempting to load shared library C:\Users\HS-KOO\.vscode\extensions\redhat.java-1.56.0-win32-x64\jre\21.0.12.1-win32-x86_64\bin\jimage.dll
Event: 0.769 Loaded shared library C:\Users\HS-KOO\.vscode\extensions\redhat.java-1.56.0-win32-x64\jre\21.0.12.1-win32-x86_64\bin\jimage.dll
Event: 1.462 Attempting to load shared library c:\Users\HS-KOO\.vscode\extensions\redhat.java-1.56.0-win32-x64\jre\21.0.12.1-win32-x86_64\bin\verify.dll
Event: 1.469 Loaded shared library c:\Users\HS-KOO\.vscode\extensions\redhat.java-1.56.0-win32-x64\jre\21.0.12.1-win32-x86_64\bin\verify.dll
Event: 8.712 Attempting to load shared library C:\Users\HS-KOO\AppData\Roaming\Code\User\globalStorage\redhat.java\1.56.0\config_win\org.eclipse.equinox.launcher\org.eclipse.equinox.launcher.win32.win32.x86_64_1.3.100.v20260804-1928\eclipse_11924.dll
Event: 8.721 Loaded shared library C:\Users\HS-KOO\AppData\Roaming\Code\User\globalStorage\redhat.java\1.56.0\config_win\org.eclipse.equinox.launcher\org.eclipse.equinox.launcher.win32.win32.x86_64_1.3.100.v20260804-1928\eclipse_11924.dll
Event: 14.306 Attempting to load shared library C:\Users\HS-KOO\AppData\Local\Temp\jna-2139366313\jna17592040945135389254.dll
Event: 14.317 Loaded shared library C:\Users\HS-KOO\AppData\Local\Temp\jna-2139366313\jna17592040945135389254.dll
Event: 19.770 Attempting to load shared library C:\Users\HS-KOO\.gradle\native\660c5614fbf4a5f2a75b1949f50a0caf5cd603558e7d8a26e50b933a0cfb79d1\windows-amd64\native-platform.dll
Event: 19.771 Loaded shared library C:\Users\HS-KOO\.gradle\native\660c5614fbf4a5f2a75b1949f50a0caf5cd603558e7d8a26e50b933a0cfb79d1\windows-amd64\native-platform.dll
Event: 20.292 Attempting to load shared library C:\Users\HS-KOO\.vscode\extensions\redhat.java-1.56.0-win32-x64\jre\21.0.12.1-win32-x86_64\bin\management.dll
Event: 20.292 Loaded shared library C:\Users\HS-KOO\.vscode\extensions\redhat.java-1.56.0-win32-x64\jre\21.0.12.1-win32-x86_64\bin\management.dll
Event: 20.296 Attempting to load shared library C:\Users\HS-KOO\.vscode\extensions\redhat.java-1.56.0-win32-x64\jre\21.0.12.1-win32-x86_64\bin\management_ext.dll
Event: 20.297 Loaded shared library C:\Users\HS-KOO\.vscode\extensions\redhat.java-1.56.0-win32-x64\jre\21.0.12.1-win32-x86_64\bin\management_ext.dll
Event: 23.650 Attempting to load shared library C:\Users\HS-KOO\.vscode\extensions\redhat.java-1.56.0-win32-x64\jre\21.0.12.1-win32-x86_64\bin\extnet.dll
Event: 23.653 Loaded shared library C:\Users\HS-KOO\.vscode\extensions\redhat.java-1.56.0-win32-x64\jre\21.0.12.1-win32-x86_64\bin\extnet.dll
Event: 24.273 Attempting to load shared library C:\Users\HS-KOO\.vscode\extensions\redhat.java-1.56.0-win32-x64\jre\21.0.12.1-win32-x86_64\bin\sunmscapi.dll
Event: 24.280 Loaded shared library C:\Users\HS-KOO\.vscode\extensions\redhat.java-1.56.0-win32-x64\jre\21.0.12.1-win32-x86_64\bin\sunmscapi.dll

Deoptimization events (20 events):
Event: 52.124 Thread 0x000001ac67504830 Uncommon trap: trap_request=0xffffff45 fr.pc=0x000001ac4f90363c relative=0x000000000000177c
Event: 52.124 Thread 0x000001ac67504830 Uncommon trap: reason=unstable_if action=reinterpret pc=0x000001ac4f90363c method=jdk.internal.jimage.ImageStringsReader.stringFromByteBufferMatches(Ljava/nio/ByteBuffer;ILjava/lang/String;I)I @ 48 c2
Event: 52.124 Thread 0x000001ac67504830 DEOPT PACKING pc=0x000001ac4f90363c sp=0x000000229d0f94f0
Event: 52.124 Thread 0x000001ac67504830 DEOPT UNPACKING pc=0x000001ac4f173aa2 sp=0x000000229d0f9228 mode 2
Event: 52.541 Thread 0x000001ac64431550 Uncommon trap: trap_request=0xffffffbe fr.pc=0x000001ac4fc541e4 relative=0x00000000000002a4
Event: 52.541 Thread 0x000001ac64431550 Uncommon trap: reason=profile_predicate action=maybe_recompile pc=0x000001ac4fc541e4 method=java.util.regex.Pattern$Slice.match(Ljava/util/regex/Matcher;ILjava/lang/CharSequence;)Z @ 18 c2
Event: 52.541 Thread 0x000001ac64431550 DEOPT PACKING pc=0x000001ac4fc541e4 sp=0x0000002299dfe860
Event: 52.541 Thread 0x000001ac64431550 DEOPT UNPACKING pc=0x000001ac4f173aa2 sp=0x0000002299dfe7f0 mode 2
Event: 52.580 Thread 0x000001ac67504830 Uncommon trap: trap_request=0xffffff45 fr.pc=0x000001ac4fd78e6c relative=0x00000000000005cc
Event: 52.580 Thread 0x000001ac67504830 Uncommon trap: reason=unstable_if action=reinterpret pc=0x000001ac4fd78e6c method=org.eclipse.jdt.internal.core.JavaElement.equals(Ljava/lang/Object;)Z @ 2 c2
Event: 52.580 Thread 0x000001ac67504830 DEOPT PACKING pc=0x000001ac4fd78e6c sp=0x000000229d0feb00
Event: 52.581 Thread 0x000001ac67504830 DEOPT UNPACKING pc=0x000001ac4f173aa2 sp=0x000000229d0feaa0 mode 2
Event: 52.581 Thread 0x000001ac67504830 Uncommon trap: trap_request=0xffffffc6 fr.pc=0x000001ac500e7d18 relative=0x00000000000009d8
Event: 52.581 Thread 0x000001ac67504830 Uncommon trap: reason=bimorphic_or_optimized_type_check action=maybe_recompile pc=0x000001ac500e7d18 method=org.eclipse.jdt.internal.core.util.LRUCache.get(Ljava/lang/Object;)Ljava/lang/Object; @ 20 c2
Event: 52.581 Thread 0x000001ac67504830 DEOPT PACKING pc=0x000001ac500e7d18 sp=0x000000229d0febc0
Event: 52.581 Thread 0x000001ac67504830 DEOPT UNPACKING pc=0x000001ac4f173aa2 sp=0x000000229d0feba0 mode 2
Event: 52.582 Thread 0x000001ac67504830 Uncommon trap: trap_request=0xffffff45 fr.pc=0x000001ac4fdac01c relative=0x000000000000099c
Event: 52.583 Thread 0x000001ac67504830 Uncommon trap: reason=unstable_if action=reinterpret pc=0x000001ac4fdac01c method=java.util.Arrays.copyOfRange([CII)[C @ 1 c2
Event: 52.583 Thread 0x000001ac67504830 DEOPT PACKING pc=0x000001ac4fdac01c sp=0x000000229d0fea70
Event: 52.583 Thread 0x000001ac67504830 DEOPT UNPACKING pc=0x000001ac4f173aa2 sp=0x000000229d0fe9c8 mode 2

Classes loaded (20 events):
Event: 31.745 Loading class sun/net/www/http/KeepAliveCache$ClientVector
Event: 31.746 Loading class sun/net/www/http/KeepAliveCache$ClientVector done
Event: 31.841 Loading class sun/net/www/http/KeepAliveEntry
Event: 31.842 Loading class sun/net/www/http/KeepAliveEntry done
Event: 35.626 Loading class java/util/AbstractList$RandomAccessSubList
Event: 35.626 Loading class java/util/AbstractList$SubList
Event: 35.626 Loading class java/util/AbstractList$SubList done
Event: 35.626 Loading class java/util/AbstractList$RandomAccessSubList done
Event: 35.626 Loading class java/util/AbstractList$SubList$1
Event: 35.626 Loading class java/util/AbstractList$SubList$1 done
Event: 37.387 Loading class sun/nio/cs/ISO_8859_1$Encoder
Event: 37.389 Loading class sun/nio/cs/ISO_8859_1$Encoder done
Event: 37.389 Loading class sun/nio/cs/Surrogate$Parser
Event: 37.391 Loading class sun/nio/cs/Surrogate$Parser done
Event: 37.391 Loading class sun/nio/cs/Surrogate
Event: 37.392 Loading class sun/nio/cs/Surrogate done
Event: 46.369 Loading class sun/reflect/generics/tree/IntSignature
Event: 46.369 Loading class sun/reflect/generics/tree/IntSignature done
Event: 52.122 Loading class java/util/regex/Matcher$ImmutableMatchResult
Event: 52.124 Loading class java/util/regex/Matcher$ImmutableMatchResult done

Classes unloaded (20 events):
Event: 16.096 Thread 0x000001ac5c9768e0 Unloading class 0x000001ac013c9000 'java/lang/invoke/LambdaForm$MH+0x000001ac013c9000'
Event: 16.096 Thread 0x000001ac5c9768e0 Unloading class 0x000001ac013c8800 'java/lang/invoke/LambdaForm$MH+0x000001ac013c8800'
Event: 16.096 Thread 0x000001ac5c9768e0 Unloading class 0x000001ac013c8000 'java/lang/invoke/LambdaForm$MH+0x000001ac013c8000'
Event: 23.340 Thread 0x000001ac5c9768e0 Unloading class 0x000001ac01734000 'java/lang/invoke/LambdaForm$MH+0x000001ac01734000'
Event: 23.340 Thread 0x000001ac5c9768e0 Unloading class 0x000001ac01733c00 'java/lang/invoke/LambdaForm$MH+0x000001ac01733c00'
Event: 23.340 Thread 0x000001ac5c9768e0 Unloading class 0x000001ac01733400 'java/lang/invoke/LambdaForm$DMH+0x000001ac01733400'
Event: 23.340 Thread 0x000001ac5c9768e0 Unloading class 0x000001ac01733000 'java/lang/invoke/LambdaForm$DMH+0x000001ac01733000'
Event: 23.340 Thread 0x000001ac5c9768e0 Unloading class 0x000001ac01732000 'java/lang/invoke/LambdaForm$MH+0x000001ac01732000'
Event: 23.340 Thread 0x000001ac5c9768e0 Unloading class 0x000001ac01732400 'java/lang/invoke/LambdaForm$MH+0x000001ac01732400'
Event: 23.340 Thread 0x000001ac5c9768e0 Unloading class 0x000001ac01731c00 'java/lang/invoke/LambdaForm$DMH+0x000001ac01731c00'
Event: 23.340 Thread 0x000001ac5c9768e0 Unloading class 0x000001ac01731800 'java/lang/invoke/LambdaForm$DMH+0x000001ac01731800'
Event: 23.340 Thread 0x000001ac5c9768e0 Unloading class 0x000001ac01730c00 'java/lang/invoke/LambdaForm$MH+0x000001ac01730c00'
Event: 23.340 Thread 0x000001ac5c9768e0 Unloading class 0x000001ac01731000 'java/lang/invoke/LambdaForm$MH+0x000001ac01731000'
Event: 23.340 Thread 0x000001ac5c9768e0 Unloading class 0x000001ac01730000 'java/lang/invoke/LambdaForm$MH+0x000001ac01730000'
Event: 23.340 Thread 0x000001ac5c9768e0 Unloading class 0x000001ac0172f400 'java/lang/invoke/LambdaForm$MH+0x000001ac0172f400'
Event: 23.340 Thread 0x000001ac5c9768e0 Unloading class 0x000001ac0172ec00 'java/lang/invoke/LambdaForm$MH+0x000001ac0172ec00'
Event: 23.340 Thread 0x000001ac5c9768e0 Unloading class 0x000001ac0172e800 'java/lang/invoke/LambdaForm$DMH+0x000001ac0172e800'
Event: 23.340 Thread 0x000001ac5c9768e0 Unloading class 0x000001ac0172d800 'java/lang/invoke/LambdaForm$MH+0x000001ac0172d800'
Event: 23.340 Thread 0x000001ac5c9768e0 Unloading class 0x000001ac0172d000 'java/lang/invoke/LambdaForm$MH+0x000001ac0172d000'
Event: 23.340 Thread 0x000001ac5c9768e0 Unloading class 0x000001ac0172c800 'java/lang/invoke/LambdaForm$MH+0x000001ac0172c800'

Classes redefined (0 events):
No events

Internal exceptions (20 events):
Event: 45.567 Thread 0x000001ac673d4c00 Exception <a 'java/lang/NoSuchMethodError'{0x00000000d563dd00}: static Lorg/gradle/plugins/ide/internal/tooling/model/DefaultGradleProject;.<clinit>()V> (0x00000000d563dd00) 
thrown [s\src\hotspot\share\prims\jni.cpp, line 1111]
Event: 45.582 Thread 0x000001ac673d4c00 Exception <a 'java/lang/NoSuchMethodError'{0x00000000d565eee0}: static Lorg/gradle/plugins/ide/internal/tooling/model/DefaultGradleScript;.<clinit>()V> (0x00000000d565eee0) 
thrown [s\src\hotspot\share\prims\jni.cpp, line 1111]
Event: 45.649 Thread 0x000001ac673d4c00 Exception <a 'java/lang/NoSuchMethodError'{0x00000000d569d9e8}: static [Ljava/lang/Object;.<clinit>()V> (0x00000000d569d9e8) 
thrown [s\src\hotspot\share\prims\jni.cpp, line 1111]
Event: 46.016 Thread 0x000001ac673d4c00 Exception <a 'java/lang/NoSuchMethodError'{0x00000000d5811b60}: static Lorg/gradle/tooling/internal/gradle/DefaultProjectIdentifier;.<clinit>()V> (0x00000000d5811b60) 
thrown [s\src\hotspot\share\prims\jni.cpp, line 1111]
Event: 46.253 Thread 0x000001ac673d4c00 Exception <a 'java/lang/NoSuchMethodError'{0x00000000d58847b8}: static Lorg/gradle/tooling/internal/gradle/DefaultBuildIdentifier;.<clinit>()V> (0x00000000d58847b8) 
thrown [s\src\hotspot\share\prims\jni.cpp, line 1111]
Event: 46.347 Thread 0x000001ac673d4c00 Exception <a 'java/lang/NoSuchMethodError'{0x00000000d58ffce0}: static Lorg/gradle/plugins/ide/internal/tooling/model/LaunchableGradleTask;.<clinit>()V> (0x00000000d58ffce0) 
thrown [s\src\hotspot\share\prims\jni.cpp, line 1111]
Event: 46.347 Thread 0x000001ac673d4c00 Exception <a 'java/lang/NoSuchMethodError'{0x00000000d5905bc8}: static Lorg/gradle/plugins/ide/internal/tooling/model/LaunchableGradleProjectTask;.<clinit>()V> (0x00000000d5905bc8) 
thrown [s\src\hotspot\share\prims\jni.cpp, line 1111]
Event: 47.656 Thread 0x000001ac65fc6e60 Exception <a 'sun/nio/fs/WindowsException'{0x00000000d586c6e0}> (0x00000000d586c6e0) 
thrown [s\src\hotspot\share\prims\jni.cpp, line 520]
Event: 47.660 Thread 0x000001ac65fc6e60 Exception <a 'sun/nio/fs/WindowsException'{0x00000000d586cd30}> (0x00000000d586cd30) 
thrown [s\src\hotspot\share\prims\jni.cpp, line 520]
Event: 47.665 Thread 0x000001ac65fc6e60 Exception <a 'sun/nio/fs/WindowsException'{0x00000000d586d7e0}> (0x00000000d586d7e0) 
thrown [s\src\hotspot\share\prims\jni.cpp, line 520]
Event: 47.666 Thread 0x000001ac65fc6e60 Exception <a 'sun/nio/fs/WindowsException'{0x00000000d586de10}> (0x00000000d586de10) 
thrown [s\src\hotspot\share\prims\jni.cpp, line 520]
Event: 47.669 Thread 0x000001ac65fc6e60 Exception <a 'sun/nio/fs/WindowsException'{0x00000000d586f300}> (0x00000000d586f300) 
thrown [s\src\hotspot\share\prims\jni.cpp, line 520]
Event: 47.670 Thread 0x000001ac65fc6e60 Exception <a 'sun/nio/fs/WindowsException'{0x00000000d586f930}> (0x00000000d586f930) 
thrown [s\src\hotspot\share\prims\jni.cpp, line 520]
Event: 51.673 Thread 0x000001ac65fc88a0 Exception <a 'sun/nio/fs/WindowsException'{0x00000000d58a0368}> (0x00000000d58a0368) 
thrown [s\src\hotspot\share\prims\jni.cpp, line 520]
Event: 51.677 Thread 0x000001ac65fc88a0 Exception <a 'sun/nio/fs/WindowsException'{0x00000000d58a0998}> (0x00000000d58a0998) 
thrown [s\src\hotspot\share\prims\jni.cpp, line 520]
Event: 51.705 Thread 0x000001ac65fc88a0 Exception <a 'sun/nio/fs/WindowsException'{0x00000000d55eae60}> (0x00000000d55eae60) 
thrown [s\src\hotspot\share\prims\jni.cpp, line 520]
Event: 51.707 Thread 0x000001ac65fc88a0 Exception <a 'sun/nio/fs/WindowsException'{0x00000000d55eb490}> (0x00000000d55eb490) 
thrown [s\src\hotspot\share\prims\jni.cpp, line 520]
Event: 51.729 Thread 0x000001ac65fc88a0 Exception <a 'sun/nio/fs/WindowsException'{0x00000000d55ec8f0}> (0x00000000d55ec8f0) 
thrown [s\src\hotspot\share\prims\jni.cpp, line 520]
Event: 51.733 Thread 0x000001ac65fc88a0 Exception <a 'sun/nio/fs/WindowsException'{0x00000000d55ecf20}> (0x00000000d55ecf20) 
thrown [s\src\hotspot\share\prims\jni.cpp, line 520]
Event: 52.343 Thread 0x000001ac67154320 Exception <a 'java/lang/NoSuchMethodError'{0x00000000d57ff010}: 'void java.lang.invoke.DirectMethodHandle$Holder.invokeInterface(java.lang.Object, java.lang.Object, java.lang.Object, java.lang.Object)'> (0x00000000d57ff010) 
thrown [s\src\hotspot\share\interpreter\linkResolver.cpp, line 773]

ZGC Phase Switch (0 events):
No events

VM Operations (20 events):
Event: 49.434 Executing safepoint VM operation: ParallelGCFailedAllocation (Allocation Failure) done
Event: 49.770 Executing safepoint VM operation: ParallelGCFailedAllocation (Allocation Failure)
Event: 50.201 Executing safepoint VM operation: ParallelGCFailedAllocation (Allocation Failure) done
Event: 50.416 Executing safepoint VM operation: ParallelGCFailedAllocation (Allocation Failure)
Event: 50.418 Executing safepoint VM operation: ParallelGCFailedAllocation (Allocation Failure) done
Event: 50.822 Executing safepoint VM operation: ParallelGCFailedAllocation (Allocation Failure)
Event: 50.825 Executing safepoint VM operation: ParallelGCFailedAllocation (Allocation Failure) done
Event: 51.267 Executing safepoint VM operation: ParallelGCFailedAllocation (Allocation Failure)
Event: 51.270 Executing safepoint VM operation: ParallelGCFailedAllocation (Allocation Failure) done
Event: 51.510 Executing safepoint VM operation: ParallelGCFailedAllocation (Allocation Failure)
Event: 51.513 Executing safepoint VM operation: ParallelGCFailedAllocation (Allocation Failure) done
Event: 51.689 Executing safepoint VM operation: ParallelGCFailedAllocation (Allocation Failure)
Event: 51.692 Executing safepoint VM operation: ParallelGCFailedAllocation (Allocation Failure) done
Event: 51.784 Executing safepoint VM operation: ParallelGCFailedAllocation (Allocation Failure)
Event: 51.800 Executing safepoint VM operation: ParallelGCFailedAllocation (Allocation Failure) done
Event: 52.475 Executing safepoint VM operation: ParallelGCFailedAllocation (Allocation Failure)
Event: 52.477 Executing safepoint VM operation: ParallelGCFailedAllocation (Allocation Failure) done
Event: 52.523 Executing non-safepoint VM operation: HandshakeAllThreads (Deoptimize)
Event: 52.525 Executing non-safepoint VM operation: HandshakeAllThreads (Deoptimize) done
Event: 52.697 Executing safepoint VM operation: ParallelGCFailedAllocation (Allocation Failure)

Memory protections (0 events):
No events

Nmethod flushes (20 events):
Event: 23.372 Thread 0x000001ac5c9768e0 flushing  nmethod 0x000001ac485fff10
Event: 23.372 Thread 0x000001ac5c9768e0 flushing  nmethod 0x000001ac48618d10
Event: 23.372 Thread 0x000001ac5c9768e0 flushing  nmethod 0x000001ac48619310
Event: 23.372 Thread 0x000001ac5c9768e0 flushing  nmethod 0x000001ac4861a290
Event: 23.372 Thread 0x000001ac5c9768e0 flushing  nmethod 0x000001ac4861bd90
Event: 23.372 Thread 0x000001ac5c9768e0 flushing  nmethod 0x000001ac48629210
Event: 23.372 Thread 0x000001ac5c9768e0 flushing  nmethod 0x000001ac48636310
Event: 23.372 Thread 0x000001ac5c9768e0 flushing  nmethod 0x000001ac48636890
Event: 23.372 Thread 0x000001ac5c9768e0 flushing  nmethod 0x000001ac48639790
Event: 23.372 Thread 0x000001ac5c9768e0 flushing  nmethod 0x000001ac48670a90
Event: 23.372 Thread 0x000001ac5c9768e0 flushing  nmethod 0x000001ac48682890
Event: 23.372 Thread 0x000001ac5c9768e0 flushing  nmethod 0x000001ac486e1d90
Event: 23.372 Thread 0x000001ac5c9768e0 flushing  nmethod 0x000001ac486e6010
Event: 23.372 Thread 0x000001ac5c9768e0 flushing  nmethod 0x000001ac486e8010
Event: 23.372 Thread 0x000001ac5c9768e0 flushing  nmethod 0x000001ac486e9210
Event: 23.372 Thread 0x000001ac5c9768e0 flushing  nmethod 0x000001ac486f7710
Event: 23.372 Thread 0x000001ac5c9768e0 flushing  nmethod 0x000001ac4874ae90
Event: 23.372 Thread 0x000001ac5c9768e0 flushing  nmethod 0x000001ac48776f10
Event: 23.373 Thread 0x000001ac5c9768e0 flushing  nmethod 0x000001ac48777290
Event: 23.373 Thread 0x000001ac5c9768e0 flushing  nmethod 0x000001ac48777b90

Events (20 events):
Event: 51.642 Thread 0x000001ac65fc88a0 Thread added: 0x000001ac65fc8210
Event: 51.643 Thread 0x000001ac65fc8210 Thread added: 0x000001ac65fc5ab0
Event: 51.669 Thread 0x000001ac65fc5ab0 Thread exited: 0x000001ac65fc5ab0
Event: 51.769 Thread 0x000001ac65fc8210 Thread exited: 0x000001ac65fc8210
Event: 51.776 Thread 0x000001ac65fc88a0 Thread added: 0x000001ac65fc8210
Event: 51.801 Thread 0x000001ac65fc8210 Thread exited: 0x000001ac65fc8210
Event: 52.131 Thread 0x000001ac6ffb7750 Thread exited: 0x000001ac6ffb7750
Event: 52.131 Thread 0x000001ac6442fb10 Thread exited: 0x000001ac6442fb10
Event: 52.309 Thread 0x000001ac65fc88a0 Thread added: 0x000001ac65fc5ab0
Event: 52.404 Thread 0x000001ac650a70c0 Thread added: 0x000001ac65fca970
Event: 52.407 Thread 0x000001ac65fca970 Thread added: 0x000001ac65fcb000
Event: 52.410 Thread 0x000001ac65fca970 Thread added: 0x000001ac65fc8210
Event: 52.410 Thread 0x000001ac65fcb000 Thread exited: 0x000001ac65fcb000
Event: 52.414 Thread 0x000001ac65fc8210 Thread exited: 0x000001ac65fc8210
Event: 52.450 Thread 0x000001ac65fca970 Thread added: 0x000001ac65fc8210
Event: 52.541 Thread 0x000001ac64431550 Thread exited: 0x000001ac64431550
Event: 52.542 Thread 0x000001ac6442f480 Thread exited: 0x000001ac6442f480
Event: 52.627 Thread 0x000001ac65fc5ab0 Thread added: 0x000001ac65fc9c50
Event: 52.640 Thread 0x000001ac65fca970 Thread added: 0x000001ac65fcb000
Event: 52.658 Thread 0x000001ac65fca970 Thread added: 0x000001ac65fcca40


Dynamic libraries:
0x00007ff70e380000 - 0x00007ff70e38e000 	c:\Users\HS-KOO\.vscode\extensions\redhat.java-1.56.0-win32-x64\jre\21.0.12.1-win32-x86_64\bin\java.exe
0x00007ffe0d000000 - 0x00007ffe0d266000 	C:\Windows\SYSTEM32\ntdll.dll
0x00007ffe0bbf0000 - 0x00007ffe0bcb9000 	C:\Windows\System32\KERNEL32.DLL
0x00007ffe0a870000 - 0x00007ffe0ac6f000 	C:\Windows\System32\KERNELBASE.dll
0x00007ffe0a2a0000 - 0x00007ffe0a3ec000 	C:\Windows\System32\ucrtbase.dll
0x00007ffdbe220000 - 0x00007ffdbe238000 	c:\Users\HS-KOO\.vscode\extensions\redhat.java-1.56.0-win32-x64\jre\21.0.12.1-win32-x86_64\bin\jli.dll
0x00007ffdc2400000 - 0x00007ffdc241e000 	c:\Users\HS-KOO\.vscode\extensions\redhat.java-1.56.0-win32-x64\jre\21.0.12.1-win32-x86_64\bin\VCRUNTIME140.dll
0x00007ffe0b520000 - 0x00007ffe0b6e6000 	C:\Windows\System32\USER32.dll
0x00007ffe0a710000 - 0x00007ffe0a737000 	C:\Windows\System32\win32u.dll
0x00007ffe0b3b0000 - 0x00007ffe0b3db000 	C:\Windows\System32\GDI32.dll
0x00007ffe0a740000 - 0x00007ffe0a869000 	C:\Windows\System32\gdi32full.dll
0x00007ffe0ac80000 - 0x00007ffe0ad23000 	C:\Windows\System32\msvcp_win.dll
0x00007ffdecec0000 - 0x00007ffded151000 	C:\Windows\WinSxS\amd64_microsoft.windows.common-controls_6595b64144ccf1df_6.0.26100.8972_none_3e0da176e32f9d4b\COMCTL32.dll
0x00007ffe0b8f0000 - 0x00007ffe0b999000 	C:\Windows\System32\msvcrt.dll
0x00007ffe0b8b0000 - 0x00007ffe0b8e2000 	C:\Windows\System32\IMM32.DLL
0x00007ffdf19b0000 - 0x00007ffdf19bc000 	c:\Users\HS-KOO\.vscode\extensions\redhat.java-1.56.0-win32-x64\jre\21.0.12.1-win32-x86_64\bin\vcruntime140_1.dll
0x00007ffd2dfd0000 - 0x00007ffd2e05d000 	c:\Users\HS-KOO\.vscode\extensions\redhat.java-1.56.0-win32-x64\jre\21.0.12.1-win32-x86_64\bin\msvcp140.dll
0x00007ffd2d220000 - 0x00007ffd2dfc2000 	c:\Users\HS-KOO\.vscode\extensions\redhat.java-1.56.0-win32-x64\jre\21.0.12.1-win32-x86_64\bin\server\jvm.dll
0x00007ffe0b2e0000 - 0x00007ffe0b39c000 	C:\Windows\System32\ADVAPI32.dll
0x00007ffe0b9a0000 - 0x00007ffe0ba4a000 	C:\Windows\System32\sechost.dll
0x00007ffe0ad30000 - 0x00007ffe0ae48000 	C:\Windows\System32\RPCRT4.dll
0x00007ffe0ca80000 - 0x00007ffe0cb02000 	C:\Windows\System32\WS2_32.dll
0x00007ffe08d20000 - 0x00007ffe08d7e000 	C:\Windows\SYSTEM32\POWRPROF.dll
0x00007ffe04250000 - 0x00007ffe04286000 	C:\Windows\SYSTEM32\WINMM.dll
0x00007ffe00570000 - 0x00007ffe0057b000 	C:\Windows\SYSTEM32\VERSION.dll
0x00007ffe08d00000 - 0x00007ffe08d15000 	C:\Windows\SYSTEM32\UMPDC.dll
0x00007ffe08fe0000 - 0x00007ffe08ffb000 	C:\Windows\SYSTEM32\kernel.appcore.dll
0x00007ffdd8c80000 - 0x00007ffdd8c8a000 	c:\Users\HS-KOO\.vscode\extensions\redhat.java-1.56.0-win32-x64\jre\21.0.12.1-win32-x86_64\bin\jimage.dll
0x00007ffe07770000 - 0x00007ffe079b2000 	C:\Windows\SYSTEM32\DBGHELP.DLL
0x00007ffe0c550000 - 0x00007ffe0c8d5000 	C:\Windows\System32\combase.dll
0x00007ffe0b440000 - 0x00007ffe0b519000 	C:\Windows\System32\OLEAUT32.dll
0x00007ffde8150000 - 0x00007ffde818b000 	C:\Windows\SYSTEM32\dbgcore.DLL
0x00007ffe0a650000 - 0x00007ffe0a6fc000 	C:\Windows\System32\bcryptPrimitives.dll
0x00007ffd70170000 - 0x00007ffd7017f000 	c:\Users\HS-KOO\.vscode\extensions\redhat.java-1.56.0-win32-x64\jre\21.0.12.1-win32-x86_64\bin\instrument.dll
0x00007ffdbe200000 - 0x00007ffdbe220000 	c:\Users\HS-KOO\.vscode\extensions\redhat.java-1.56.0-win32-x64\jre\21.0.12.1-win32-x86_64\bin\java.dll
0x00007ffe0bcc0000 - 0x00007ffe0c448000 	C:\Windows\System32\SHELL32.dll
0x00007ffe07ca0000 - 0x00007ffe0853b000 	C:\Windows\SYSTEM32\windows.storage.dll
0x00007ffe0c8e0000 - 0x00007ffe0c9d9000 	C:\Windows\System32\SHCORE.dll
0x00007ffe0cd10000 - 0x00007ffe0cd76000 	C:\Windows\System32\shlwapi.dll
0x00007ffe0a130000 - 0x00007ffe0a159000 	C:\Windows\SYSTEM32\profapi.dll
0x00007ffd55070000 - 0x00007ffd55088000 	c:\Users\HS-KOO\.vscode\extensions\redhat.java-1.56.0-win32-x64\jre\21.0.12.1-win32-x86_64\bin\zip.dll
0x00007ffd75590000 - 0x00007ffd755a0000 	C:\Users\HS-KOO\.vscode\extensions\redhat.java-1.56.0-win32-x64\jre\21.0.12.1-win32-x86_64\bin\net.dll
0x00007ffe012c0000 - 0x00007ffe013e8000 	C:\Windows\SYSTEM32\WINHTTP.dll
0x00007ffe09570000 - 0x00007ffe095dc000 	C:\Windows\system32\mswsock.dll
0x00007ffd276e0000 - 0x00007ffd276f6000 	C:\Users\HS-KOO\.vscode\extensions\redhat.java-1.56.0-win32-x64\jre\21.0.12.1-win32-x86_64\bin\nio.dll
0x00007ffd59ab0000 - 0x00007ffd59ac0000 	c:\Users\HS-KOO\.vscode\extensions\redhat.java-1.56.0-win32-x64\jre\21.0.12.1-win32-x86_64\bin\verify.dll
0x00007ffd6ffb0000 - 0x00007ffd6fff5000 	C:\Users\HS-KOO\AppData\Roaming\Code\User\globalStorage\redhat.java\1.56.0\config_win\org.eclipse.equinox.launcher\org.eclipse.equinox.launcher.win32.win32.x86_64_1.3.100.v20260804-1928\eclipse_11924.dll
0x00007ffe0ba50000 - 0x00007ffe0bbe9000 	C:\Windows\System32\ole32.dll
0x00007ffe09990000 - 0x00007ffe099ab000 	C:\Windows\SYSTEM32\CRYPTSP.dll
0x00007ffe08f40000 - 0x00007ffe08f79000 	C:\Windows\system32\rsaenh.dll
0x00007ffe09620000 - 0x00007ffe09652000 	C:\Windows\SYSTEM32\USERENV.dll
0x00007ffe0a100000 - 0x00007ffe0a12a000 	C:\Windows\SYSTEM32\bcrypt.dll
0x00007ffe097d0000 - 0x00007ffe097dc000 	C:\Windows\SYSTEM32\CRYPTBASE.dll
0x00007ffe08950000 - 0x00007ffe08983000 	C:\Windows\SYSTEM32\IPHLPAPI.DLL
0x00007ffe0ca70000 - 0x00007ffe0ca7a000 	C:\Windows\System32\NSI.dll
0x00007ffdc8140000 - 0x00007ffdc8189000 	C:\Users\HS-KOO\AppData\Local\Temp\jna-2139366313\jna17592040945135389254.dll
0x00007ffe0cb10000 - 0x00007ffe0cb18000 	C:\Windows\System32\PSAPI.DLL
0x00007ffe03340000 - 0x00007ffe0335d000 	C:\Windows\SYSTEM32\dhcpcsvc6.DLL
0x00007ffe032f0000 - 0x00007ffe03315000 	C:\Windows\SYSTEM32\dhcpcsvc.DLL
0x00007ffd25180000 - 0x00007ffd251a7000 	C:\Users\HS-KOO\.gradle\native\660c5614fbf4a5f2a75b1949f50a0caf5cd603558e7d8a26e50b933a0cfb79d1\windows-amd64\native-platform.dll
0x00007ffd59900000 - 0x00007ffd5990a000 	C:\Users\HS-KOO\.vscode\extensions\redhat.java-1.56.0-win32-x64\jre\21.0.12.1-win32-x86_64\bin\management.dll
0x00007ffd589a0000 - 0x00007ffd589ac000 	C:\Users\HS-KOO\.vscode\extensions\redhat.java-1.56.0-win32-x64\jre\21.0.12.1-win32-x86_64\bin\management_ext.dll
0x00007ffd239d0000 - 0x00007ffd239d9000 	C:\Users\HS-KOO\.vscode\extensions\redhat.java-1.56.0-win32-x64\jre\21.0.12.1-win32-x86_64\bin\extnet.dll
0x00007ffdab580000 - 0x00007ffdab58e000 	C:\Users\HS-KOO\.vscode\extensions\redhat.java-1.56.0-win32-x64\jre\21.0.12.1-win32-x86_64\bin\sunmscapi.dll
0x00007ffe0a400000 - 0x00007ffe0a57e000 	C:\Windows\System32\CRYPT32.dll
0x00007ffe09b00000 - 0x00007ffe09b30000 	C:\Windows\SYSTEM32\ncrypt.dll
0x00007ffe09ab0000 - 0x00007ffe09aef000 	C:\Windows\SYSTEM32\NTASN1.dll
0x00007ffdfe130000 - 0x00007ffdfe138000 	C:\Windows\system32\wshunix.dll
0x00007ffe089f0000 - 0x00007ffe08b48000 	C:\Windows\SYSTEM32\DNSAPI.dll
0x00007ffe09370000 - 0x00007ffe0937d000 	C:\Windows\SYSTEM32\DSPARSE.dll
0x00007ffe00ec0000 - 0x00007ffe00ecb000 	C:\Windows\System32\rasadhlp.dll
0x00007ffe03700000 - 0x00007ffe03786000 	C:\Windows\System32\fwpuclnt.dll

JVMTI agents:
c:\Users\HS-KOO\.vscode\extensions\redhat.java-1.56.0-win32-x64\lombok\lombok-1.18.39-4050.jar path:c:\Users\HS-KOO\.vscode\extensions\redhat.java-1.56.0-win32-x64\jre\21.0.12.1-win32-x86_64\bin\instrument.dll, loaded, initialized, instrumentlib options:none

dbghelp: loaded successfully - version: 4.0.5 - missing functions: none
symbol engine: initialized successfully - sym options: 0x614 - pdb path: .;c:\Users\HS-KOO\.vscode\extensions\redhat.java-1.56.0-win32-x64\jre\21.0.12.1-win32-x86_64\bin;C:\Windows\SYSTEM32;C:\Windows\WinSxS\amd64_microsoft.windows.common-controls_6595b64144ccf1df_6.0.26100.8972_none_3e0da176e32f9d4b;c:\Users\HS-KOO\.vscode\extensions\redhat.java-1.56.0-win32-x64\jre\21.0.12.1-win32-x86_64\bin\server;C:\Users\HS-KOO\AppData\Roaming\Code\User\globalStorage\redhat.java\1.56.0\config_win\org.eclipse.equinox.launcher\org.eclipse.equinox.launcher.win32.win32.x86_64_1.3.100.v20260804-1928;C:\Users\HS-KOO\AppData\Local\Temp\jna-2139366313;C:\Users\HS-KOO\.gradle\native\660c5614fbf4a5f2a75b1949f50a0caf5cd603558e7d8a26e50b933a0cfb79d1\windows-amd64

VM Arguments:
jvm_args: --add-modules=ALL-SYSTEM --add-opens=java.base/java.util=ALL-UNNAMED --add-opens=java.base/java.lang=ALL-UNNAMED --add-opens=java.base/sun.nio.fs=ALL-UNNAMED -Declipse.application=org.eclipse.jdt.ls.core.id1 -Dosgi.bundles.defaultStartLevel=4 -Declipse.product=org.eclipse.jdt.ls.core.product -Djava.import.generatesMetadataFilesAtProjectRoot=false -Dm2e.project.cache.size=50 -DDetectVMInstallationsJob.disabled=true -Dfile.encoding=utf8 -XX:+UseParallelGC -XX:GCTimeRatio=4 -XX:AdaptiveSizePolicyWeight=90 -Dsun.zip.disableMemoryMapping=true -Xmx2G -Xms100m -Xlog:disable -javaagent:c:\Users\HS-KOO\.vscode\extensions\redhat.java-1.56.0-win32-x64\lombok\lombok-1.18.39-4050.jar -XX:+HeapDumpOnOutOfMemoryError -XX:HeapDumpPath=c:\Users\HS-KOO\AppData\Roaming\Code\User\workspaceStorage\fb4b289124c7df1bf1642105e68f26c5\redhat.java -Daether.dependencyCollector.impl=bf 
java_command: c:\Users\HS-KOO\.vscode\extensions\redhat.java-1.56.0-win32-x64\server\plugins\org.eclipse.equinox.launcher_1.8.0.v20260804-1928.jar -configuration c:\Users\HS-KOO\AppData\Roaming\Code\User\globalStorage\redhat.java\1.56.0\config_win -data c:\Users\HS-KOO\AppData\Roaming\Code\User\workspaceStorage\fb4b289124c7df1bf1642105e68f26c5\redhat.java\jdt_ws --stdio
java_class_path (initial): c:\Users\HS-KOO\.vscode\extensions\redhat.java-1.56.0-win32-x64\server\plugins\org.eclipse.equinox.launcher_1.8.0.v20260804-1928.jar
Launcher Type: SUN_STANDARD

[Global flags]
    uintx AdaptiveSizePolicyWeight                 = 90                                        {product} {command line}
     intx CICompilerCount                          = 12                                        {product} {ergonomic}
    uintx GCTimeRatio                              = 4                                         {product} {command line}
     bool HeapDumpOnOutOfMemoryError               = true                                   {manageable} {command line}
    ccstr HeapDumpPath                             = c:\Users\HS-KOO\AppData\Roaming\Code\User\workspaceStorage\fb4b289124c7df1bf1642105e68f26c5\redhat.java         {manageable} {command line}
   size_t InitialHeapSize                          = 104857600                                 {product} {command line}
   size_t MaxHeapSize                              = 2147483648                                {product} {command line}
   size_t MaxNewSize                               = 715653120                                 {product} {ergonomic}
   size_t MinHeapDeltaBytes                        = 524288                                    {product} {ergonomic}
   size_t MinHeapSize                              = 104857600                                 {product} {command line}
   size_t NewSize                                  = 34603008                                  {product} {ergonomic}
    uintx NonNMethodCodeHeapSize                   = 7602480                                {pd product} {ergonomic}
    uintx NonProfiledCodeHeapSize                  = 122027880                              {pd product} {ergonomic}
   size_t OldSize                                  = 70254592                                  {product} {ergonomic}
    uintx ProfiledCodeHeapSize                     = 122027880                              {pd product} {ergonomic}
    uintx ReservedCodeCacheSize                    = 251658240                              {pd product} {ergonomic}
     bool SegmentedCodeCache                       = true                                      {product} {ergonomic}
   size_t SoftMaxHeapSize                          = 2147483648                             {manageable} {ergonomic}
     bool UseCompressedOops                        = true                           {product lp64_product} {ergonomic}
     bool UseLargePagesIndividualAllocation        = false                                  {pd product} {ergonomic}
     bool UseParallelGC                            = true                                      {product} {command line}

Logging:
Log output configuration:
 #0: stdout all=off uptime,level,tags foldmultilines=false
 #1: stderr all=off uptime,level,tags foldmultilines=false

Release file:
JAVA_VERSION="21.0.12.1" 
MODULES="java.base java.compiler java.datatransfer java.xml java.prefs java.desktop java.instrument java.logging java.management java.security.sasl java.naming java.rmi java.management.rmi java.net.http java.scripting java.security.jgss java.transaction.xa java.sql java.sql.rowset java.xml.crypto java.se java.smartcardio jdk.accessibility jdk.internal.jvmstat jdk.attach jdk.charsets jdk.internal.opt jdk.zipfs jdk.compiler jdk.crypto.ec jdk.crypto.cryptoki jdk.crypto.mscapi jdk.dynalink jdk.internal.ed jdk.editpad jdk.hotspot.agent jdk.httpserver jdk.internal.le jdk.internal.vm.ci jdk.internal.vm.compiler jdk.internal.vm.compiler.management jdk.jartool jdk.javadoc jdk.jcmd jdk.management jdk.management.agent jdk.jconsole jdk.jdeps jdk.jdwp.agent jdk.jdi jdk.jfr jdk.jshell jdk.jsobject jdk.jstatd jdk.localedata jdk.management.jfr jdk.naming.dns jdk.naming.rmi jdk.net jdk.nio.mapmode jdk.random jdk.sctp jdk.security.auth jdk.security.jgss jdk.unsupported jdk.unsupported.desktop jdk.xml.dom" 

Environment Variables:
PATH=C:\Program Files\Common Files\Oracle\Java\javapath;C:\Windows\system32;C:\Windows;C:\Windows\System32\Wbem;C:\Windows\System32\WindowsPowerShell\v1.0\;C:\Windows\System32\OpenSSH\;C:\Program Files\Bandizip\;C:\Program Files\dotnet\;C:\Program Files (x86)\NVIDIA Corporation\PhysX\Common;C:\Program Files\Git\cmd;C:\Users\HS-KOO\AppData\Local\Microsoft\WindowsApps;C:\Users\HS-KOO\AppData\Local\Programs\Microsoft VS Code\bin
USERNAME=HS-KOO
OS=Windows_NT
PROCESSOR_IDENTIFIER=Intel64 Family 6 Model 183 Stepping 1, GenuineIntel
TMP=C:\Users\HS-KOO\AppData\Local\Temp
TEMP=C:\Users\HS-KOO\AppData\Local\Temp




Periodic native trim disabled

---------------  S Y S T E M  ---------------

OS:
 Windows 11 , 64 bit Build 26100 (10.0.26100.9168)
OS uptime: 0 days 0:13 hours
Hyper-V role detected

CPU: total 20 (initial active 20) (10 cores per cpu, 2 threads per core) family 6 model 183 stepping 1 microcode 0x133, cx8, cmov, fxsr, ht, mmx, 3dnowpref, sse, sse2, sse3, ssse3, sse4.1, sse4.2, popcnt, lzcnt, tsc, tscinvbit, avx, avx2, aes, erms, clmul, bmi1, bmi2, adx, sha, fma, vzeroupper, clflush, clflushopt, clwb, hv, serialize, rdtscp, rdpid, fsrm, f16c, cet_ibt, cet_ss
Processor Information for processor 0
  Max Mhz: 2600, Current Mhz: 2600, Mhz Limit: 2600
Processor Information for processor 1
  Max Mhz: 2600, Current Mhz: 2600, Mhz Limit: 2600
Processor Information for processor 2
  Max Mhz: 2600, Current Mhz: 2600, Mhz Limit: 2600
Processor Information for processor 3
  Max Mhz: 2600, Current Mhz: 2600, Mhz Limit: 2600
Processor Information for processor 4
  Max Mhz: 2600, Current Mhz: 2600, Mhz Limit: 2600
Processor Information for processor 5
  Max Mhz: 2600, Current Mhz: 2600, Mhz Limit: 2600
Processor Information for processor 6
  Max Mhz: 2600, Current Mhz: 2600, Mhz Limit: 2600
Processor Information for processor 7
  Max Mhz: 2600, Current Mhz: 2600, Mhz Limit: 2600
Processor Information for processor 8
  Max Mhz: 2600, Current Mhz: 2600, Mhz Limit: 2600
Processor Information for processor 9
  Max Mhz: 2600, Current Mhz: 2600, Mhz Limit: 2600
Processor Information for processor 10
  Max Mhz: 2600, Current Mhz: 2600, Mhz Limit: 2600
Processor Information for processor 11
  Max Mhz: 2600, Current Mhz: 2600, Mhz Limit: 2600
Processor Information for processor 12
  Max Mhz: 2600, Current Mhz: 1505, Mhz Limit: 2600
Processor Information for processor 13
  Max Mhz: 2600, Current Mhz: 1505, Mhz Limit: 2600
Processor Information for processor 14
  Max Mhz: 2600, Current Mhz: 1505, Mhz Limit: 2600
Processor Information for processor 15
  Max Mhz: 2600, Current Mhz: 1505, Mhz Limit: 2600
Processor Information for processor 16
  Max Mhz: 2600, Current Mhz: 1505, Mhz Limit: 2600
Processor Information for processor 17
  Max Mhz: 2600, Current Mhz: 1505, Mhz Limit: 2600
Processor Information for processor 18
  Max Mhz: 2600, Current Mhz: 2326, Mhz Limit: 2600
Processor Information for processor 19
  Max Mhz: 2600, Current Mhz: 1505, Mhz Limit: 2600

Memory: 4k page, system-wide physical 16068M (549M free)
TotalPageFile size 65220M (AvailPageFile size 0M)
current process WorkingSet (physical memory assigned to process): 183M, peak: 416M
current process commit charge ("private bytes"): 529M, peak: 532M

vm_info: OpenJDK 64-Bit Server VM (21.0.12.1+1-LTS) for windows-amd64 JRE (21.0.12.1+1-LTS), built on 2026-08-18T00:00:00Z by "admin" with MS VC++ 17.12 (VS2022)

END.
